번호,분전함,지번주소,위도,경도,데이터 기준일자
1,(미)동남D-62,충청남도 천안시 동남구 청당동 389-85,36.78080935,127.1453624,2022-07-05
2,(미)동남D-63,충청남도 천안시 동남구 청당동 299-11,36.77955184,127.1493704,2022-07-05
3,(미)동남D-64,충청남도 천안시 동남구 구룡동 300-7,36.7692273,127.1475695,2022-07-05
4,(미)동남D-65,충청남도 천안시 동남구 구룡동 292-2,36.7689388,127.1476809,2022-07-05
5,(미)동남D-66,충청남도 천안시 동남구 구룡동 144-3,36.76777855,127.1530773,2022-07-05
6,(미)동남D-67,충청남도 천안시 동남구 구룡동 660-12,36.76738215,127.1530094,2022-07-05
7,(미설치)동남A-27,충청남도 천안시 동남구 목천읍 천정리 264-14,36.76571606,127.2112359,2022-07-05
8,(육교)동남-삼성리육교등,충청남도 천안시 동남구 목천읍 삼성리 124-5,36.7582037,127.171591,2022-07-05
9,(육교)동남Z14-대붕육교,충청남도 천안시 동남구 대흥동 300-10,36.80536581,127.1462773,2022-07-05
10,(임)먹거리11길29,충청남도 천안시 동남구 신부동 460-4,36.81818762,127.155918,2022-07-05
11,(임)청당초교신설,충청남도 천안시 동남구 청당동 127-5,36.7805526,127.152509,2022-07-05
12,(체육)동남-족구장,충청남도 천안시 동남구 청당동 407,36.78265017,127.1451222,2022-07-05
13,(통로)동남-유량지하차도,충청남도 천안시 동남구 유량동 101-2,36.80291983,127.1890444,2022-07-05
14,(통로)동남43호(통로1),충청남도 천안시 동남구 풍세면 삼태리 28-12,36.75430964,127.0994991,2022-07-05
15,(통로)동남43호(통로10),충청남도 천안시 동남구 풍세면 보성리 157-1,36.73236885,127.1305659,2022-07-05
16,(통로)동남43호(통로11),충청남도 천안시 동남구 풍세면 보성리 261-1,36.73083406,127.1331662,2022-07-05
17,(통로)동남43호(통로12),충청남도 천안시 동남구 풍세면 가송리 2-2,36.72908803,127.1352622,2022-07-05
18,(통로)동남43호(통로13),충청남도 천안시 동남구 풍세면 가송리 498-1,36.72800634,127.135557,2022-07-05
19,(통로)동남43호(통로14),충청남도 천안시 동남구 풍세면 가송리 587-1,36.72590588,127.1362977,2022-07-05
20,(통로)동남43호(통로2),충청남도 천안시 동남구 풍세면 삼태리 41,36.7510274,127.1020565,2022-07-05
21,(통로)동남43호(통로3),충청남도 천안시 동남구 풍세면 삼태리 산52-1,36.75010776,127.1026347,2022-07-05
22,(통로)동남43호(통로4),충청남도 천안시 동남구 풍세면 용정리 627-3,36.74827747,127.1038025,2022-07-05
23,(통로)동남43호(통로5),충청남도 천안시 동남구 풍세면 용정리 170-2,36.74545539,127.1055874,2022-07-05
24,(통로)동남43호(통로6),충청남도 천안시 동남구 풍세면 용정리 467-4,36.74258991,127.108002,2022-07-05
25,(통로)동남43호(통로7),충청남도 천안시 동남구 풍세면 용정리 330-1,36.73933367,127.1138503,2022-07-05
26,(통로)동남43호(통로8),충청남도 천안시 동남구 풍세면 보성리 333-2,36.73630809,127.1207678,2022-07-05
27,(통로)동남43호(통로9),충청남도 천안시 동남구 풍세면 보성리 35-6,36.733601,127.1286256,2022-07-05
28,(통로)동남Z01-가구단지앞,충청남도 천안시 동남구 목천읍 응원리 117-2,36.7679395,127.1856152,2022-07-05
29,(통로)동남Z02-겟세마이기도원,충청남도 천안시 동남구 목천읍 응원리 259-21,36.76514604,127.1782472,2022-07-05
30,(통로)동남Z03-미죽터널,충청남도 천안시 동남구 풍세면 미죽리 277-2,36.73977643,127.1598208,2022-07-05
31,(통로)동남Z04-가송터널,충청남도 천안시 동남구 풍세면 가송리 135-6,36.72756123,127.1480075,2022-07-05
32,(통로)동남Z05-미죽터널2,충청남도 천안시 동남구 풍세면 미죽리 301-3,36.73577557,127.156339,2022-07-05
33,(통로)동남Z06-풍세통로박스,충청남도 천안시 동남구 풍세면 풍서리 130-8,36.72043758,127.1349616,2022-07-05
34,(통로)동남Z07-풍세통로2,충청남도 천안시 동남구 풍세면 풍서리 127-5,36.71966296,127.1326516,2022-07-05
35,(통로)동남Z08-풍세4리통로박스안,충청남도 천안시 동남구 풍세면 풍서리 400-2,36.71768951,127.1264332,2022-07-05
36,(통로)동남Z09-두남리터널,충청남도 천안시 동남구 풍세면 두남리 93,36.73827701,127.1431465,2022-07-05
37,(통로)동남Z10-의료원앞터널,충청남도 천안시 동남구 삼룡동 51,36.77658737,127.1771311,2022-07-05
38,(통로)동남Z11-유량동입구터널,충청남도 천안시 동남구 원성동 442-17,36.81012476,127.1644187,2022-07-05
39,(통로)동남Z12-방죽다리,충청남도 천안시 동남구 신부동 132-20,36.82489431,127.1591765,2022-07-05
40,(통로)동남Z13-신부방죽다리,충청남도 천안시 동남구 신부동 313-15,36.82464873,127.1575115,2022-07-05
41,(통로)동남Z15-삼룡동굴다리,충청남도 천안시 동남구 삼룡동 165-1,36.78458214,127.1743291,2022-07-05
42,(통로)동남Z16-소사리방범등,세종특별자치시 소정면 대곡리 352-2,36.72922534,127.1656454,2022-07-05
43,(통로)동남Z17-화성리터널,충청남도 천안시 동남구 성남면 화성리 112-6,36.75222395,127.2663165,2022-07-05
44,(통로)동남Z18ㅡ남부오거리다리밑,충청남도 천안시 동남구 구성동 382-74,36.7980924,127.1545411,2022-07-05
45,(통로)동남Z30-풍세산단진입로,충청남도 천안시 동남구 풍세면 보성리 680-25,36.72718438,127.1206107,2022-07-05
46,(통로)동남Z31-풍세산단진입터널,충청남도 천안시 동남구 풍세면 보성리 422-1,36.72697166,127.1237365,2022-07-05
47,(통로)역전지하상가,충청남도 천안시 동남구 문화동 61-3,36.80843167,127.1500316,2022-07-05
48,(함철거)동남D-14(남부대로340),충청남도 천안시 동남구 청당동 152-6,36.78156185,127.154253,2022-07-05
49,(함철거)동남D-15(남부대로341),충청남도 천안시 동남구 청당동 975,36.78177356,127.1542898,2022-07-05
50,구도교차로1,충청남도 천안시 동남구 동면 구도리 455-3,36.76662369,127.3341953,2022-07-05
51,구도교차로2,충청남도 천안시 동남구 동면 구도리 455-3,36.76593751,127.3346712,2022-07-05
52,동남 LP-GS1(풍서리156-3),충청남도 천안시 동남구 풍세면 풍서리 156-3,36.71878956,127.1379921,2022-07-05
53,동남 LP-HS1(세종로 4186),충청남도 천안시 동남구 광덕면 행정리 14-14,36.69056927,127.1573719,2022-07-05
54,동남 LP-HS2(세종로4185),충청남도 천안시 동남구 광덕면 행정리 212-15,36.69038026,127.1572037,2022-07-05
55,동남 LP-PS1(풍세교차1),충청남도 천안시 동남구 풍세면 보성리 258-1,36.73138916,127.1323499,2022-07-05
56,동남 LP-PS2(풍세교차2),충청남도 천안시 동남구 풍세면 보성리 244,36.73230028,127.131467,2022-07-05
57,동남 LP-PS3(풍세교차3),충청남도 천안시 동남구 풍세면 보성리 258-1,36.73143342,127.1330721,2022-07-05
58,동남 LP-PS4(풍세교차4),충청남도 천안시 동남구 풍세면 보성리 167-1,36.73260624,127.1318482,2022-07-05
59,동남 LP-PS5(풍세교차5),충청남도 천안시 동남구 풍세면 보성리 310-2,36.73548809,127.1229497,2022-07-05
60,동남 LP-PS6(풍세교차6),충청남도 천안시 동남구 풍세면 보성리 308,36.73594535,127.1230092,2022-07-05
61,동남 LP-STC1(삼태리74-3),충청남도 천안시 동남구 풍세면 삼태리 74-13,36.75409408,127.0986478,2022-07-05
62,동남 LP-YJ1(용정교차1),충청남도 천안시 동남구 풍세면 용정리 산22-204,36.73788431,127.1170055,2022-07-05
63,동남 LP-YJ2(용정교차2),충청남도 천안시 동남구 풍세면 용정리 산 22-203,36.7380756,127.1172073,2022-07-05
64,동남 LP-YJ3(용정교차3),충청남도 천안시 동남구 풍세면 용정리 산55-1,36.74064243,127.1115906,2022-07-05
65,동남 LP-YJ4(용정교차4)-사고분,충청남도 천안시 동남구 풍세면 용정리 산60-22,36.74185221,127.1091346,2022-07-05
66,동남 LP-YJ5(용정교차5),충청남도 천안시 동남구 풍세면 용정리 466-6,36.74206375,127.1093869,2022-07-05
67,동남-R30다가한화꿈에그린옆,충청남도 천안시 동남구 다가동 444-3,36.79708268,127.1384714,2022-07-05
68,동남-국도21호 연결도로,충청남도 천안시 동남구 북면 연춘리 131-11,36.76750549,127.2514252,2022-07-05
69,동남-동아태조(터미널9길 13),충청남도 천안시 동남구 신부동 541,36.82332325,127.1529806,2022-07-05
70,동남-만남교,충청남도 천안시 동남구 신부동 401-221,36.82146277,127.1562104,2022-07-05
71,동남-신도1차,충청남도 천안시 동남구 목천읍 신계리 106-8,36.77404536,127.2158457,2022-07-05
72,동남-신도2차,충청남도 천안시 동남구 목천읍 신계리 172-10,36.77630367,127.211517,2022-07-05
73,동남-신호등,충청남도 천안시 동남구 원성동 583-8,36.79888341,127.1594449,2022-07-05
74,동남-일봉산해피트리1,충청남도 천안시 동남구 다가동 358-23,36.79783779,127.1400274,2022-07-05
75,동남-일봉산해피트리2,충청남도 천안시 동남구 다가동 358-20,36.79702532,127.1412669,2022-07-05
76,동남-행정타운 두산APT-01,충청남도 천안시 동남구 청당동 49-13,36.77831365,127.1591446,2022-07-05
77,동남-행정타운 두산APT-02,충청남도 천안시 동남구 청당동 40-7,36.78024963,127.1601988,2022-07-05
78,동남-행정타운 두산APT-03,충청남도 천안시 동남구 청당동 23-55,36.78109416,127.1603966,2022-07-05
79,동남001-LP1관광단지진입로,충청남도 천안시 동남구 목천읍 운전리 330-1,36.76655344,127.2309899,2022-07-05
80,동남002-LP2관광단지진입로,충청남도 천안시 동남구 목천읍 운전리 330-1,36.76649218,127.2312137,2022-07-05
81,동남003-LP3관광단지,충청남도 천안시 동남구 목천읍 운전리 589,36.76052866,127.2279088,2022-07-05
82,동남004-LP4관광단지,충청남도 천안시 동남구 목천읍 운전리 589,36.76022984,127.2274879,2022-07-05
83,동남005-LP5관광단지로타리,충청남도 천안시 동남구 성남면 용원리 666,36.7584328,127.225256,2022-07-05
84,동남006-LP6관광단지,충청남도 천안시 동남구 성남면 용원리 666,36.75865726,127.2251875,2022-07-05
85,동남007-LP7관광단지에술,충청남도 천안시 동남구 성남면 용원리 674,36.7551242,127.2236765,2022-07-05
86,동남008-LP8틴틴주차장,충청남도 천안시 동남구 성남면 용원리 674,36.75531049,127.2235287,2022-07-05
87,동남009-LP-9관광단지,충청남도 천안시 동남구 목천읍 운전리 587,36.76065082,127.2264588,2022-07-05
88,동남010-LP10관광단지후미,충청남도 천안시 동남구 성남면 용원리 746-1,36.75572483,127.2224184,2022-07-05
89,동남011-LP-11관광단지,충청남도 천안시 동남구 성남면 용원리 749,36.7584439,127.2228143,2022-07-05
90,동남012-LP12관광단지,충청남도 천안시 동남구 성남면 용원리 751,36.75544406,127.2302735,2022-07-05
91,동남013-LP13관광단지,충청남도 천안시 동남구 성남면 용원리 666,36.75880545,127.2254511,2022-07-05
92,동남014-LP14관광무인텔,충청남도 천안시 동남구 목천읍 운전리 592,36.75921874,127.2284537,2022-07-05
93,동남015-LP15관광온수펌프장,충청남도 천안시 동남구 성남면 용원리 729,36.75272178,127.2212507,2022-07-05
94,동남016-LP영상단지,충청남도 천안시 동남구 구룡동 15-1,36.76438856,127.157895,2022-07-05
95,동남017-LP영상단지,충청남도 천안시 동남구 구룡동 32-2,36.7587726,127.1577015,2022-07-05
96,동남018-LP 영상단지,충청남도 천안시 동남구 구룡동 657,36.76639828,127.1627405,2022-07-05
97,동남A-01(문암1길36),충청남도 천안시 동남구 안서동 350,36.84039634,127.177735,2022-07-05
98,동남A-02(문암로 41-1),충청남도 천안시 동남구 안서동 352-10,36.83927625,127.1780463,2022-07-05
99,동남A-03(성불사길17),충청남도 천안시 동남구 안서동 232-5,36.83052651,127.1795449,2022-07-05
100,동남A-03-1(안서동 534-10),충청남도 천안시 동남구 안서동 534-103,36.8310613,127.1744121,2022-07-05
101,동남A-04(안서2길9),충청남도 천안시 동남구 안서동 226-15,36.83004563,127.1787367,2022-07-05
102,동남A-05(각원사길130),충청남도 천안시 동남구 안서동 283-4,36.83064586,127.1854471,2022-07-05
103,동남A-06(성불사길17),충청남도 천안시 동남구 안서동 534-110,36.83000045,127.1847169,2022-07-05
104,동남A-07(성불사길41),충청남도 천안시 동남구 안서동 208-2,36.82961632,127.1883254,2022-07-05
105,동남A-08(각원사길191),충청남도 천안시 동남구 안서동 160-2,36.83343811,127.1904647,2022-07-05
106,동남A-10,충청남도 천안시 동남구 유량동 406-15,36.81204292,127.1716485,2022-07-05
107,동남A-11(태조산길163),충청남도 천안시 동남구 유량동 406-1,36.81504818,127.1807304,2022-07-05
108,동남A-12(태조산길196-50),충청남도 천안시 동남구 유량동 406-1,36.81847343,127.1859053,2022-07-05
109,동남A-13(유량로38),충청남도 천안시 동남구 구성동 73-6,36.80245604,127.1678368,2022-07-05
110,동남A-14(목천읍응원리292-4),충청남도 천안시 동남구 목천읍 응원리 291,36.7679427,127.1921115,2022-07-05
111,동남A-15(목천읍신계리82-5),충청남도 천안시 동남구 목천읍 신계리 82-5,36.77529401,127.221646,2022-07-05
112,동남A-16(충절로1166),충청남도 천안시 동남구 목천읍 운전리 379-1,36.77180716,127.2285414,2022-07-05
113,동남A-17(병천충절로1687),충청남도 천안시 동남구 병천면 병천리 331-48,36.76448516,127.2961677,2022-07-05
114,동남A-18(목천읍삼성4길36),충청남도 천안시 동남구 목천읍 삼성리 176-9,36.76211697,127.1714728,2022-07-05
115,동남A-19(목천읍삼성5길23),충청남도 천안시 동남구 목천읍 삼성리 186-8,36.76067038,127.174779,2022-07-05
116,동남A-20(광덕면차령고개로449),충청남도 천안시 동남구 광덕면 원덕리 508-12,36.66117294,127.124305,2022-07-05
117,동남A-21(유량로108),충청남도 천안시 동남구 유량동 360-5,36.80735622,127.1722908,2022-07-05
118,동남A-22(유량로160),충청남도 천안시 동남구 유량동 300-3,36.81063073,127.1760692,2022-07-05
119,동남A-23(아우내순대길32-1),충청남도 천안시 동남구 병천면 병천리 209-5,36.7603932,127.2983302,2022-07-05
120,동남A-24(아우내순대길33),충청남도 천안시 동남구 병천면 병천리 770-8,36.76072854,127.2984603,2022-07-05
121,동남A-25 (동평3길 187부근),충청남도 천안시 동남구 목천읍 서리 217,36.78388898,127.2365425,2022-07-05
122,동남A-26(충절로 865),충청남도 천안시 동남구 목천읍 신계리 293-3,36.77188872,127.2073856,2022-07-05
123,동남B-01(망향로201),충청남도 천안시 동남구 안서동 360-4,36.84122553,127.1745809,2022-07-05
124,동남B-02(안서동465-19),충청남도 천안시 동남구 안서동 465-19,36.83767321,127.1743823,2022-07-05
125,동남B-03(안서동506-62),충청남도 천안시 동남구 안서동 506-58,36.83400005,127.1736285,2022-07-05
126,동남B-04(신부동16-127),충청남도 천안시 동남구 신부동 16-126,36.83043535,127.171087,2022-07-05
127,동남B-05(신부동189-19),충청남도 천안시 동남구 신부동 189-27,36.8285153,127.1684149,2022-07-05
128,동남B-06(신부동205-47),충청남도 천안시 동남구 신부동 205-40,36.82944302,127.1655081,2022-07-05
129,동남B-07(신부동401-304),충청남도 천안시 동남구 신부동 401-171,36.82966863,127.1652676,2022-07-05
130,동남B-08(단대로135),충청남도 천안시 동남구 신부동 217-7,36.83001177,127.1647527,2022-07-05
131,동남B-09(단대로117-2),충청남도 천안시 동남구 신부동 220-5,36.83135186,127.1633375,2022-07-05
132,동남B-10(단대로152),충청남도 천안시 동남구 신부동 205-4,36.82843064,127.1645251,2022-07-05
133,동남B-11(천안천10길9-26),충청남도 천안시 동남구 신부동 401-1,36.82840009,127.1638077,2022-07-05
134,동남B-12(망향로14),충청남도 천안시 동남구 신부동 403-5,36.82738216,127.165201,2022-07-05
135,동남B-13(단대로107-1),충청남도 천안시 동남구 신부동 246-1,36.83105188,127.1619581,2022-07-05
136,동남B-14(단대로 107-1),충청남도 천안시 동남구 신부동 287-40,36.83096243,127.1614703,2022-07-05
137,동남B-15(단대1로101),충청남도 천안시 동남구 신부동 271-2,36.82953876,127.1614113,2022-07-05
138,동남B-16(단대1로48),충청남도 천안시 동남구 신부동 301-6,36.82685448,127.1572919,2022-07-05
139,동남B-17(천안천10길9-26),충청남도 천안시 동남구 신부동 401-1,36.82573809,127.1599293,2022-07-05
140,동남B-18(신부동143-4),충청남도 천안시 동남구 신부동 143-4,36.82567498,127.1632694,2022-07-05
141,동남B-19(만남로138),충청남도 천안시 동남구 신부동 167-2,36.82420515,127.1640117,2022-07-05
142,동남B-20(천안대로 856),충청남도 천안시 동남구 신부동 128-3,36.82387602,127.1608782,2022-07-05
143,동남B-21(신부동 822),충청남도 천안시 동남구 신부동 822,36.82430548,127.1598198,2022-07-05
144,동남B-22(단대1로10),충청남도 천안시 동남구 신부동 417,36.82489531,127.1567274,2022-07-05
145,동남B-23(신부동305-19),충청남도 천안시 동남구 신부동 306-1,36.82457207,127.1558469,2022-07-05
146,동남B-24(중앙로293),충청남도 천안시 동남구 신부동 318-4,36.82434633,127.152736,2022-07-05
147,동남B-25(터미널9길40),충청남도 천안시 동남구 신부동 591,36.82287211,127.1568914,2022-07-05
148,동남B-26(중앙로265-31),충청남도 천안시 동남구 신부동 889-1,36.82203299,127.1507643,2022-07-05
149,동남B-27(중앙로255-21),충청남도 천안시 동남구 신부동 910,36.82116378,127.1504824,2022-07-05
150,동남B-28(중앙로255-49),충청남도 천안시 동남구 신부동 940-7,36.81989767,127.1505248,2022-07-05
151,동남B-29(천안천8길45),충청남도 천안시 동남구 신부동 401-221,36.82054584,127.1545274,2022-07-05
152,동남B-30(신부동347-4),충청남도 천안시 동남구 신부동 401-221,36.8206434,127.1557268,2022-07-05
153,동남B-31(방죽안2길1),충청남도 천안시 동남구 신부동 322-2,36.82180109,127.1524283,2022-07-05
154,동남B-32(중앙로265-1),충청남도 천안시 동남구 신부동 320-36,36.8217294,127.1521199,2022-07-05
155,동남B-33(신부동 401-221),충청남도 천안시 동남구 신부동 401-221,36.81882378,127.1517583,2022-07-05
156,동남B-34(만남로43),충청남도 천안시 동남구 신부동 363-2,36.81899625,127.1542833,2022-07-05
157,동남B-35(만남로24),충청남도 천안시 동남구 신부동 454-4,36.81864421,127.1547477,2022-07-05
158,동남B-36(만남로43),충청남도 천안시 동남구 신부동 97-20,36.8192075,127.1581986,2022-07-05
159,동남B-37(만남로72),충청남도 천안시 동남구 신부동 494-1,36.81960152,127.1599502,2022-07-05
160,동남B-38(천안천5길36),충청남도 천안시 동남구 성황동 108-1,36.81715882,127.1501103,2022-07-05
161,동남B-39(복자4길1),충청남도 천안시 동남구 성황동 10-8,36.81685353,127.1510288,2022-07-05
162,동남B-40(만남로52),충청남도 천안시 동남구 신부동 462-7,36.81875733,127.1578133,2022-07-05
163,동남B-41(성황로43-3),충청남도 천안시 동남구 성황동 94-23,36.81259437,127.153895,2022-07-05
164,동남B-42(중앙로193-1),충청남도 천안시 동남구 성황동 7-22,36.81571331,127.1530439,2022-07-05
165,동남B-43(중앙로206),충청남도 천안시 동남구 신부동 387-97,36.81656898,127.1533426,2022-07-05
166,동남B-44(충절로42),충청남도 천안시 동남구 신부동 85,36.81613154,127.1570962,2022-07-05
167,동남B-45(충절로20),충청남도 천안시 동남구 신부동 524,36.81713946,127.1581014,2022-07-05
168,동남B-46(충절로29),충청남도 천안시 동남구 신부동 473-15,36.81643165,127.1584305,2022-07-05
169,동남B-47(신원4길3-1),충청남도 천안시 동남구 신부동 79-2,36.81376435,127.1584362,2022-07-05
170,동남B-48(성황로111),충청남도 천안시 동남구 원성동 219-9,36.81155265,127.1614015,2022-07-05
171,동남B-49(성황로121),충청남도 천안시 동남구 원성동 224-1,36.81296756,127.1612756,2022-07-05
172,동남B-50(천안대로 739),충청남도 천안시 동남구 원성동 10-5,36.81440908,127.1647473,2022-07-05
173,동남B-51(향교1길 3),충청남도 천안시 동남구 신부동 524,36.81623759,127.1652836,2022-07-05
174,동남B-52(신부12길 57),충청남도 천안시 동남구 신부동 501-15,36.81853658,127.1644479,2022-07-05
175,동남B-53(천안대로 802),충청남도 천안시 동남구 신부동 115-8,36.81996967,127.1642072,2022-07-05
176,동남B-54(방죽안3길 33-2),충청남도 천안시 동남구 신부동 818,36.8225564,127.1571318,2022-07-05
177,동남B-55(LP-8)대흥로323,충청남도 천안시 동남구 성황동 11-2,36.81666252,127.1506585,2022-07-05
178,동남B-56(LP-4)복자1길1,충청남도 천안시 동남구 성황동 9-1,36.8160408,127.1506237,2022-07-05
179,동남B-57(LP-2)복자1길4,충청남도 천안시 동남구 성황동 45-1,36.81445119,127.1499481,2022-07-05
180,동남B-58(대흥로303),충청남도 천안시 동남구 성황동 111-1,36.81481637,127.1497639,2022-07-05
181,동남B-59(신부동337-8),충청남도 천안시 동남구 신부동 840,36.82249094,127.1555176,2022-07-05
182,동남B-60(신부동401-49),충청남도 천안시 동남구 신부동 401-221,36.81920142,127.1524063,2022-07-05
183,동남B-61(신부동 485),충청남도 천안시 동남구 신부동 485,36.81742425,127.1607582,2022-07-05
184,동남B-62(신부동 56-32),충청남도 천안시 동남구 신부동 56-32,36.81537628,127.1647949,2022-07-05
185,동남C-01(원성동 30-14),충청남도 천안시 동남구 원성동 30,36.81218751,127.1649891,2022-07-05
186,동남C-02(성황로 108),충청남도 천안시 동남구 원성동 456-10,36.81142735,127.1607681,2022-07-05
187,동남C-03(성황로76),충청남도 천안시 동남구 원성동 192-52,36.81235088,127.1574807,2022-07-05
188,동남C-04(성황로42),충청남도 천안시 동남구 성황동 94-42,36.81241461,127.153536,2022-07-05
189,동남C-05(중앙로156),충청남도 천안시 동남구 성황동 92-13,36.81230718,127.1529922,2022-07-05
190,동남C-06(중앙로 155),충청남도 천안시 동남구 성황동 92-2,36.81233901,127.1527682,2022-07-05
191,동남C-07(자유시장2길15-6),충청남도 천안시 동남구 성황동 36-1,36.8124836,127.1506727,2022-07-05
192,동남C-08(대흥로 243-2),충청남도 천안시 동남구 대흥동 30-7,36.80963263,127.1480504,2022-07-05
193,동남C-09(대흥로 228),충청남도 천안시 동남구 대흥동 92,36.80901919,127.1485984,2022-07-05
194,동남C-10(대흥로 205-1),충청남도 천안시 동남구 대흥동 131-2,36.80712408,127.1472079,2022-07-05
195,동남C-11(대흥로 198),충청남도 천안시 동남구 대흥동 203-2,36.80554749,127.1469276,2022-07-05
196,동남C-12(천변길22),충청남도 천안시 동남구 사직동 241,36.80043364,127.146957,2022-07-05
197,동남C-13(천변길23)사고분전함,충청남도 천안시 동남구 사직동 296,36.800389,127.1466208,2022-07-05
198,동남C-14(충무로410),충청남도 천안시 동남구 영성동 140,36.79850301,127.1505557,2022-07-05
199,동남C-15 (충무로493),충청남도 천안시 동남구 원성동 620,36.79868757,127.1559345,2022-07-05
200,동남C-16(충무로 505),충청남도 천안시 동남구 원성동 579-13,36.79894118,127.1617112,2022-07-05
201,동남C-17(천안대로 604),충청남도 천안시 동남구 구성동 35-2,36.80228499,127.1644972,2022-07-05
202,동남C-18(천안대로 611),충청남도 천안시 동남구 원성동 628-18,36.8025469,127.1640719,2022-07-05
203,동남C-19(천안대로 676),충청남도 천안시 동남구 원성동 613,36.80834924,127.1646614,2022-07-05
204,동남C-20(천안대로 665),충청남도 천안시 동남구 원성동 613,36.80795332,127.1642516,2022-07-05
205,동남C-21원성천2길 140),충청남도 천안시 동남구 원성동 603,36.80874131,127.1629589,2022-07-05
206,동남C-22(충절로91),충청남도 천안시 동남구 원성동 460-1,36.81101129,127.1585651,2022-07-05
207,동남C-23(충절로116),충청남도 천안시 동남구 원성동 137-1,36.80856954,127.1583751,2022-07-05
208,동남C-24(중앙로 122),충청남도 천안시 동남구 문화동 92-33,36.80933837,127.1527174,2022-07-05
209,동남C-25(중앙로 115),충청남도 천안시 동남구 원성동 261-14,36.8087711,127.1523857,2022-07-05
210,동남C-26(버들로 27),충청남도 천안시 동남구 문화동 63-4,36.80815798,127.1509052,2022-07-05
211,동남C-27(버들로71),충청남도 천안시 동남구 원성동 430-2,36.80640129,127.1557764,2022-07-05
212,동남C-27-1(버들로 59),충청남도 천안시 동남구 원성동 266-5,36.80638688,127.1529973,2022-07-05
213,동남C-28(버들로86),충청남도 천안시 동남구 원성동 293-28,36.80619479,127.1551989,2022-07-05
214,동남C-28-1(버들로 58),충청남도 천안시 동남구 원성동 266-24,36.8061527,127.1529128,2022-07-05
215,동남C-29(버들로126),충청남도 천안시 동남구 원성동 506,36.80623302,127.1603482,2022-07-05
216,동남C-30(버들로150),충청남도 천안시 동남구 원성동 525-1,36.80625687,127.1626903,2022-07-05
217,동남C-31(고재18길12),충청남도 천안시 동남구 원성동 604,36.80525566,127.1600884,2022-07-05
218,동남C-32(원성천1길97),충청남도 천안시 동남구 원성동 429-114,36.80510517,127.158071,2022-07-05
219,동남C-33(중앙로50),충청남도 천안시 동남구 영성동 129,36.80281399,127.1529846,2022-07-05
220,동남C-34(중앙로27),충청남도 천안시 동남구 영성동 62-14,36.80065112,127.1531427,2022-07-05
221,동남C-35(버들1길 2),충청남도 천안시 동남구 원성동 624,36.80207344,127.1542493,2022-07-05
222,동남C-36(원성천2길 14),충청남도 천안시 동남구 원성동 618,36.80265254,127.1550153,2022-07-05
223,동남C-37(충절로 177),충청남도 천안시 동남구 원성동 546-18,36.8029501,127.1591311,2022-07-05
224,동남C-38(원거리8길 50),충청남도 천안시 동남구 원성동 584-2,36.79999464,127.1589905,2022-07-05
225,동남C-39(비둘기아파트건너),충청남도 천안시 동남구 원성동 614,36.80698399,127.1614255,2022-07-05
226,동남C-40(6)대흥로 269,충청남도 천안시 동남구 대흥동 43-9,36.81202864,127.1488059,2022-07-05
227,동남C-41(3)대흥로 270,충청남도 천안시 동남구 대흥동 2-5,36.81205086,127.1490553,2022-07-05
228,동남C-42(원거리7길2),충청남도 천안시 동남구 원성동 601-9,36.79882783,127.1537498,2022-07-05
229,동남C-43(문화로36),충청남도 천안시 동남구 문화동 31,36.81026227,127.1525175,2022-07-05
230,동남D-01(충무로 418),충청남도 천안시 동남구 영성동 163-10,36.79817973,127.1514543,2022-07-05
231,동남D-02(충무로 498),충청남도 천안시 동남구 구성동 503,36.79836353,127.1556593,2022-07-05
232,동남D-03(충무로 506),충청남도 천안시 동남구 구성동 432-4,36.79858971,127.1617385,2022-07-05
233,동남D-04(천안대로553),충청남도 천안시 동남구 구성동 426-6,36.79783383,127.164258,2022-07-05
234,동남D-05(천안대로533),충청남도 천안시 동남구 구성동 490,36.79798652,127.1646169,2022-07-05
235,동남D-06(천안대로483-8),충청남도 천안시 동남구 구성동 258-3,36.79140848,127.164558,2022-07-05
236,동남D-07(충절로 359-9),충청남도 천안시 동남구 삼룡동 241-11,36.78883959,127.1650734,2022-07-05
237,동남D-08(충절로 409),충청남도 천안시 동남구 삼룡동 292-3,36.78446398,127.1687834,2022-07-05
238,동남D-09(천안대로435),충청남도 천안시 동남구 삼룡동 258-5,36.78664132,127.164755,2022-07-05
239,동남D-10(천안대로412),충청남도 천안시 동남구 삼룡동 266-12,36.7851764,127.1651944,2022-07-05
240,동남D-11(천안대로371),충청남도 천안시 동남구 삼룡동 333-19,36.78103139,127.1651127,2022-07-05
241,동남D-12(청당2길 118),충청남도 천안시 동남구 청당동 143-22,36.78010634,127.1561377,2022-07-05
242,동남D-13(청당2길 118),충청남도 천안시 동남구 청당동 134-10,36.77826358,127.1561283,2022-07-05
243,동남D-16(광풍로 1840-22),충청남도 천안시 동남구 청당동 277-6,36.78213451,127.1485913,2022-07-05
244,동남D-17(광풍로 1806),충청남도 천안시 동남구 청당동 389-42,36.77860507,127.1443753,2022-07-05
245,동남D-18(광풍로1843-59),충청남도 천안시 동남구 청당동 389-6,36.77863474,127.1440589,2022-07-05
246,동남D-19(풍세로 945),충청남도 천안시 동남구 다가동 28-15,36.79230194,127.1498937,2022-07-05
247,동남D-20(천안천공원2길30),충청남도 천안시 동남구 다가동 5-57,36.79446756,127.1493434,2022-07-05
248,동남D-20-1(함철거),충청남도 천안시 동남구 다가동 5-57,36.79476651,127.148075,2022-07-05
249,동남D-21(천안천공원5길 16),충청남도 천안시 동남구 영성동 155,36.7970625,127.1513316,2022-07-05
250,동남D-22(대흥로35),충청남도 천안시 동남구 구성동 494,36.79772367,127.155714,2022-07-05
251,동남D-23(대흥로29),충청남도 천안시 동남구 구성동 314-1,36.79655681,127.1573672,2022-07-05
252,동남D-24(대흥로32),충청남도 천안시 동남구 구성동 494,36.79676618,127.1574712,2022-07-05
253,동남D-25(충절로 248),충청남도 천안시 동남구 구성동 470-6,36.79656104,127.1592636,2022-07-05
254,동남D-26(구성1길 15),충청남도 천안시 동남구 구성동 502,36.79593461,127.161055,2022-07-05
255,동남D-27(광교로 15),충청남도 천안시 동남구 구성동 461-7,36.79453061,127.161433,2022-07-05
256,동남D-28(충절로 295-14),충청남도 천안시 동남구 구성동 492,36.7943971,127.1618725,2022-07-05
257,동남D-29(충절로 290),충청남도 천안시 동남구 구성동 306-1,36.79319568,127.1607187,2022-07-05
258,동남D-30(삼룡천3길20),충청남도 천안시 동남구 구성동 391-22,36.79125696,127.1633476,2022-07-05
259,동남D-31(충절로 311),충청남도 천안시 동남구 구성동 301-20,36.79145134,127.1628831,2022-07-05
260,동남D-32(청수로 99),충청남도 천안시 동남구 청수동 209,36.79201446,127.1562179,2022-07-05
261,동남D-33(청수로 98),충청남도 천안시 동남구 청수동 206-22,36.79183843,127.1564584,2022-07-05
262,동남D-34(청수로 69-11),충청남도 천안시 동남구 청수동 245-2,36.78799746,127.1512074,2022-07-05
263,동남D-35(청수16로),충청남도 천안시 동남구 청수동 431,36.78985346,127.158359,2022-07-05
264,동남D-36(청수로 20),충청남도 천안시 동남구 청수동 270,36.78767385,127.1505905,2022-07-05
265,동남D-37(청수동 244-9),충청남도 천안시 동남구 청수동 425,36.78773613,127.1512125,2022-07-05
266,동남D-38(5)청수14로 117,충청남도 천안시 동남구 청당동 603,36.78639861,127.1576685,2022-07-05
267,동남D-39(7)청수6로 60,충청남도 천안시 동남구 청당동 959,36.78612335,127.1579816,2022-07-05
268,동남D-40(4)청수14로 99,충청남도 천안시 동남구 청당동 952,36.78607472,127.1572813,2022-07-05
269,동남D-41(6)청수14로 96,충청남도 천안시 동남구 청당동 552,36.78579518,127.1574264,2022-07-05
270,동남D-42(8)청수8로,충청남도 천안시 동남구 청당동 612,36.78583539,127.1610507,2022-07-05
271,동남D-43(9)광풍로1870,충청남도 천안시 동남구 청당동 949,36.78522338,127.1465303,2022-07-05
272,동남D-44(10)광풍로1875,충청남도 천안시 동남구 청당동 949,36.78556156,127.146318,2022-07-05
273,동남D-45(11)청수14로 16,충청남도 천안시 동남구 청당동 455,36.78472778,127.1465181,2022-07-05
274,동남D-46(청수6로 35-4),충청남도 천안시 동남구 청당동 600,36.78386948,127.1588004,2022-07-05
275,동남D-47(13)청수13로,충청남도 천안시 동남구 청당동 680,36.78463318,127.1604768,2022-07-05
276,동남D-48(14)청수4로 11,충청남도 천안시 동남구 청당동 462,36.78235951,127.152367,2022-07-05
277,동남D-49(15)청수4로8,충청남도 천안시 동남구 청당동 535,36.78215176,127.152753,2022-07-05
278,동남D-50(16)청수11로,충청남도 천안시 동남구 청당동 497,36.78324528,127.1537915,2022-07-05
279,동남D-51(17)청수5로,충청남도 천안시 동남구 청당동 548,36.78289231,127.1549727,2022-07-05
280,동남D-52(18)청수9로,충청남도 천안시 동남구 청당동 514,36.78208198,127.1544557,2022-07-05
281,동남D-53(19)청수6로,충청남도 천안시 동남구 청당동 971,36.78274639,127.1596999,2022-07-05
282,동남D-54(천안대로381),충청남도 천안시 동남구 삼룡동 514,36.78220735,127.165104,2022-07-05
283,동남D-55(21)청수15길이종석세무,충청남도 천안시 동남구 청당동 474,36.78832309,127.153768,2022-07-05
284,동남D-56(22)청수7로,충청남도 천안시 동남구 청당동 961,36.7855239,127.1598289,2022-07-05
285,동남D-57(23)청수7로,충청남도 천안시 동남구 청당동 970,36.78319078,127.1609331,2022-07-05
286,동남D-58(24)청수10길,충청남도 천안시 동남구 청당동 870,36.78231906,127.1625053,2022-07-05
287,동남D-59청당초교진입,충청남도 천안시 동남구 청당동 127-20,36.78012712,127.1522757,2022-07-05
288,동남D-60-청삼교차추암산터널입구,충청남도 천안시 동남구 삼룡동 301-3,36.78150028,127.1681048,2022-07-05
289,동남D-61(임시),충청남도 천안시 동남구 삼룡동 516,36.78018536,127.1643743,2022-07-05
290,동남E-01(차돌로138),충청남도 천안시 동남구 다가동 523,36.8033147,127.1453209,2022-07-05
291,동남E-02(차돌로86),충청남도 천안시 동남구 다가동 471,36.80227625,127.1396153,2022-07-05
292,동남E-03(차돌로65),충청남도 천안시 동남구 봉명동 197-3,36.80176069,127.1373957,2022-07-05
293,동남E-04(차돌로32),충청남도 천안시 서북구 쌍용동 543,36.80010635,127.1341544,2022-07-05
294,동남E-05(봉정로39),충청남도 천안시 동남구 봉명동 39-9,36.80578161,127.1395825,2022-07-05
295,동남E-06서북(봉정로88),충청남도 천안시 서북구 성정동 211-4,36.80950413,127.1407071,2022-07-05
296,동남E-07(봉명로69),충청남도 천안시 동남구 봉명동 62-93,36.80709227,127.1360885,2022-07-05
297,동남E-08(봉서10길 12),충청남도 천안시 동남구 봉명동 482,36.81222457,127.1316652,2022-07-05
298,동남E-09(신용로35),충청남도 천안시 동남구 다가동 354-8,36.80142797,127.1406671,2022-07-05
299,동남E-10(신용로52),충청남도 천안시 동남구 다가동 368-10,36.80125002,127.142538,2022-07-05
300,동남E-11(충무로292),충청남도 천안시 동남구 다가동 494,36.79853921,127.1374011,2022-07-05
301,동남E-12(충무로331),충청남도 천안시 동남구 다가동 394-26,36.7987965,127.1408528,2022-07-05
302,동남E-13(충무로359),충청남도 천안시 동남구 다가동 397-25,36.79868459,127.1440068,2022-07-05
303,동남E-14(충무로340),충청남도 천안시 동남구 다가동 494,36.79839742,127.1430202,2022-07-05
304,동남E-15(용곡1길10),충청남도 천안시 동남구 다가동 405-1,36.7983511,127.1440678,2022-07-05
305,동남E-16(다가말2길54),충청남도 천안시 동남구 다가동 444-3,36.79785462,127.1371814,2022-07-05
306,동남E-17(용곡3길14),충청남도 천안시 동남구 용곡동 334,36.79460057,127.145635,2022-07-05
307,동남E-18(용곡4길20),충청남도 천안시 동남구 용곡동 324-15,36.79408464,127.1438133,2022-07-05
308,동남E-19(용곡1길90),충청남도 천안시 동남구 용곡동 337-5,36.79319045,127.1455314,2022-07-05
309,동남E-20(용곡5길 39-5),충청남도 천안시 동남구 용곡동 604,36.79133032,127.1393322,2022-07-05
310,동남E-20-1(용곡동일4차),충청남도 천안시 동남구 용곡동 604,36.79121789,127.1391499,2022-07-05
311,동남E-21(용곡5길 39-4),충청남도 천안시 동남구 용곡동 604,36.79032695,127.140081,2022-07-05
312,동남E-21-1(용곡동일4차하천),충청남도 천안시 동남구 용곡동 255-5,36.7892601,127.1392556,2022-07-05
313,동남E-22(일봉로 105),충청남도 천안시 동남구 용곡동 213-3,36.78945979,127.1380179,2022-07-05
314,동남E-23(일봉로 72),충청남도 천안시 동남구 용곡동 579,36.7912595,127.1362902,2022-07-05
315,동남E-23-1(용곡동일3차),충청남도 천안시 동남구 용곡동 226-17,36.79036349,127.1357676,2022-07-05
316,동남E-24(일봉로61),충청남도 천안시 동남구 용곡동 462-16,36.79293692,127.1351055,2022-07-05
317,동남E-25(일봉로34),충청남도 천안시 동남구 신방동 896,36.79334181,127.1316329,2022-07-05
318,동남E-26(일봉로8),충청남도 천안시 동남구 신방동 875,36.79367571,127.1291377,2022-07-05
319,동남E-27(서부대로285),충청남도 천안시 동남구 신방동 8-9,36.79346259,127.128311,2022-07-05
320,동남E-28(서부대로257-8),충청남도 천안시 동남구 신방동 936,36.79094426,127.1280492,2022-07-05
321,동남E-29(서부대로249),충청남도 천안시 동남구 신방동 47,36.79049752,127.128687,2022-07-05
322,동남E-30(서부대로226),충청남도 천안시 동남구 신방동 907,36.78846521,127.1289609,2022-07-05
323,동남E-31(수곡로52),충청남도 천안시 동남구 신방동 917,36.78885224,127.1251608,2022-07-05
324,동남E-32(신촌로34),충청남도 천안시 동남구 신방동 784-1,36.78810285,127.1222354,2022-07-05
325,동남E-33(신촌1길15),충청남도 천안시 동남구 신방동 783-11,36.78810989,127.1197483,2022-07-05
326,동남E-34(남부대로61),충청남도 천안시 동남구 신방동 102-3,36.78636613,127.1242436,2022-07-05
327,동남E-35(새말1길47),충청남도 천안시 동남구 신방동 40-18,36.79013407,127.1314313,2022-07-05
328,동남E-36(새말1길51-14),충청남도 천안시 동남구 용곡동 476-9,36.78928402,127.1341188,2022-07-05
329,동남E-37(용곡2길43-11),충청남도 천안시 동남구 용곡동 598,36.7890767,127.1341744,2022-07-05
330,동남E-38(용곡2길30),충청남도 천안시 동남구 용곡동 515-8,36.78668366,127.1346912,2022-07-05
331,동남E-39(용곡동 166-37),충청남도 천안시 동남구 용곡동 166-46,36.78773543,127.1369169,2022-07-05
332,동남E-40(남부대로230),충청남도 천안시 동남구 용곡동 100-4,36.78323136,127.1432889,2022-07-05
333,동남E-41(용곡동 320-3),충청남도 천안시 동남구 용곡동 320-3,36.79250156,127.1451548,2022-07-05
334,동남E-42(남부대로31),충청남도 천안시 동남구 신방동 784-10,36.78668036,127.1209952,2022-07-05
335,동남E-43(새말1길21),충청남도 천안시 동남구 신방동 899,36.79161109,127.1321565,2022-07-05
336,동남E-44(용곡동 320-5),충청남도 천안시 동남구 용곡동 320-5,36.7926596,127.144875,2022-07-05
337,동남E-44-1(용곡2길 141)점멸,충청남도 천안시 동남구 용곡동 315-26,36.79238725,127.1428129,2022-07-05
338,동남E-45(수곡2길17-17),충청남도 천안시 동남구 신방동 67-3,36.790648,127.1270123,2022-07-05
339,동남E-46(일봉로71),충청남도 천안시 동남구 용곡동 575,36.79175255,127.1385038,2022-07-05
340,동남E-47(서부대로250),충청남도 천안시 동남구 신방동 899,36.79040225,127.1292863,2022-07-05
341,동남E-48(신용로57),충청남도 천안시 동남구 다가동 478,36.80140704,127.1430986,2022-07-05
342,동남E-49(천안천2길35),충청남도 천안시 동남구 봉명동 194-37,36.8054399,127.1427755,2022-07-05
343,동남E-50,충청남도 천안시 동남구 봉명동 10-2,36.8033432,127.1403484,2022-07-05
344,동남F-01(남부대로211),충청남도 천안시 동남구 용곡동 101-4,36.78353118,127.1412393,2022-07-05
345,동남F-02(남부대로191),충청남도 천안시 동남구 용곡동 147-4,36.78384817,127.1398844,2022-07-05
346,동남F-03(남부대로159),충청남도 천안시 동남구 용곡동 180-8,36.7852143,127.1351704,2022-07-05
347,동남F-04(남부대로139),충청남도 천안시 동남구 용곡동 546-12,36.78579423,127.132309,2022-07-05
348,동남F-05(남부대로82),충청남도 천안시 동남구 신방동 91-3,36.78608907,127.1263522,2022-07-05
349,동남F-06(남부대로56),충청남도 천안시 동남구 신방동 102-3,36.78620464,127.1235544,2022-07-05
350,동남F-08(용곡동 184-6),충청남도 천안시 동남구 용곡동 184-6,36.78342417,127.1364163,2022-07-05
351,동남F-09(용수골길69),충청남도 천안시 동남구 용곡동 586,36.78191455,127.1366321,2022-07-05
352,동남F-10(용수골길49),충청남도 천안시 동남구 용곡동 585,36.78232638,127.1389518,2022-07-05
353,동남F-11(풍세로 801-23),충청남도 천안시 동남구 용곡동 583,36.78018327,127.137626,2022-07-05
354,동남F-12(풍세로 797),충청남도 천안시 동남구 용곡동 116-61,36.78088108,127.141929,2022-07-05
355,동남F-13(풍세로 798),충청남도 천안시 동남구 청당동 396-21,36.78051606,127.1419843,2022-07-05
356,동남F-14(풍세로 770),충청남도 천안시 동남구 청당동 438,36.77739992,127.1405363,2022-07-05
357,동남F-15(풍세로 689),충청남도 천안시 동남구 구룡동 564-29,36.77512591,127.1394316,2022-07-05
358,동남F-16(서부대로173),충청남도 천안시 동남구 신방동 108-3,36.78392426,127.1283456,2022-07-05
359,동남F-17(서부대로174),충청남도 천안시 동남구 신방동 108-3,36.78390592,127.1286368,2022-07-05
360,동남F-18(신방동 399-27),충청남도 천안시 동남구 신방동 469-3,36.7765401,127.1278964,2022-07-05
361,동남F-19(1)통정1로 27-7,충청남도 천안시 동남구 신방동 1097,36.77686411,127.1282666,2022-07-05
362,동남F-20(17)통정1로 28-2,충청남도 천안시 동남구 신방동 1159,36.77621883,127.1291728,2022-07-05
363,동남F-21(18)통정3로 53,충청남도 천안시 동남구 신방동 2066,36.77567205,127.1306393,2022-07-05
364,동남F-22(5)통정3로 68,충청남도 천안시 동남구 신방동 1559,36.77556818,127.1308632,2022-07-05
365,동남F-23(6)통정3로 50,충청남도 천안시 동남구 신방동 1520,36.77535659,127.1307004,2022-07-05
366,동남F-24(21)통정4로 7,충청남도 천안시 동남구 신방동 1521,36.77469302,127.1318362,2022-07-05
367,동남F-25(19)통정3로 68,충청남도 천안시 동남구 신방동 2109,36.77487299,127.1320606,2022-07-05
368,동남F-26(신방동 1560),충청남도 천안시 동남구 신방동 2057,36.77697472,127.1341869,2022-07-05
369,동남F-27(14)통정3로 68,충청남도 천안시 동남구 신방동 1557-3,36.77688025,127.1340579,2022-07-05
370,동남F-28(9)통정5로 89,충청남도 천안시 동남구 신방동 2115,36.77622104,127.135289,2022-07-05
371,동남F-29(10)통정12로 76-2,충청남도 천안시 동남구 신방동 1689,36.77593711,127.1353613,2022-07-05
372,동남F-30(25)통정6로 25,충청남도 천안시 동남구 신방동 1724,36.77442123,127.1371117,2022-07-05
373,동남F-31(4)풍세로 705,충청남도 천안시 동남구 신방동 2180,36.77344624,127.1386501,2022-07-05
374,동남F-32(20)통정10로 73,충청남도 천안시 동남구 신방동 1867,36.77382081,127.1341926,2022-07-05
375,동남F-33(8)신방동 1884,충청남도 천안시 동남구 신방동 2168,36.77288309,127.1346839,2022-07-05
376,동남F-34(7)통정9로 75,충청남도 천안시 동남구 신방동 1894,36.77267609,127.1344595,2022-07-05
377,동남F-35(3)풍세로689,충청남도 천안시 동남구 신방동 1891,36.76990116,127.1340122,2022-07-05
378,동남F-36(24)통정9로 58,충청남도 천안시 동남구 신방동 1924,36.77020186,127.1310165,2022-07-05
379,동남F-37(2)통정5로 5,충청남도 천안시 동남구 신방동 2167,36.77089381,127.1286431,2022-07-05
380,동남F-38(23)통정8로 5,충청남도 천안시 동남구 신방동 2093,36.7725752,127.1278898,2022-07-05
381,동남F-39(16)통정9로 42,충청남도 천안시 동남구 신방동 1423,36.77250547,127.1298723,2022-07-05
382,동남F-40(11)통정5로 29,충청남도 천안시 동남구 신방동 1473,36.77245934,127.1308467,2022-07-05
383,동남F-41(12)통정9로 51,충청남도 천안시 동남구 신방동 1911-1,36.77217542,127.1309134,2022-07-05
384,동남F-42(15)통정9로 51,충청남도 천안시 동남구 신방동 2150,36.7717968,127.1310528,2022-07-05
385,동남F-43(22)통정10로43-12,충청남도 천안시 동남구 신방동 1907,36.77248467,127.1323869,2022-07-05
386,동남F-44(천안천변길200),충청남도 천안시 동남구 신방동 122-3,36.78426945,127.1299425,2022-07-05
387,동남F-45(천안천변길139),충청남도 천안시 동남구 신방동 149-9,36.7823152,127.124646,2022-07-05
388,동남F-46(신방동 710-9),충청남도 천안시 동남구 신방동 710-6,36.78101224,127.1211039,2022-07-05
389,동남F-47(신흥로2),충청남도 천안시 동남구 신방동 431-3,36.77857511,127.1250796,2022-07-05
390,동남H-01(5산단로339),충청남도 천안시 동남구 성남면 화성리 14-23,36.75631099,127.2640797,2022-07-05
391,동남H-02(11)성남면5산단로310,충청남도 천안시 동남구 성남면 화성리 20-21,36.75444865,127.2647704,2022-07-05
392,동남H-03(10)성남면5산단로315,충청남도 천안시 동남구 성남면 화성리 127,36.75461373,127.2644882,2022-07-05
393,동남H-04(5산단로 290-28),충청남도 천안시 동남구 성남면 화성리 112-6,36.75095404,127.2670232,2022-07-05
394,동남H-05(성남면화성리112-6),충청남도 천안시 동남구 수신면 신풍리 162-26,36.7507265,127.267028,2022-07-05
395,동남H-06(7)5산단로200,충청남도 천안시 동남구 수신면 신풍리 165-3,36.74516749,127.2706255,2022-07-05
396,동남H-07(6)5산단로213,충청남도 천안시 동남구 수신면 신풍리 162-26,36.74591632,127.270225,2022-07-05
397,동남H-08(2)수신면신풍리62-8,충청남도 천안시 동남구 수신면 신풍리 53-10,36.73623206,127.2739417,2022-07-05
398,동남H-09(5)수신면5산단로170,충청남도 천안시 동남구 수신면 신풍리 157-2,36.74164749,127.2711225,2022-07-05
399,동남H-10(4)수신면5산단로170,충청남도 천안시 동남구 수신면 신풍리 146-6,36.74157121,127.2709823,2022-07-05
400,동남H-11(수신면속창리200-15),충청남도 천안시 동남구 수신면 속창리 200-12,36.73037629,127.2762158,2022-07-05
401,동남H-12(5산단)신풍리 616,충청남도 천안시 동남구 수신면 신풍리 636,36.73822466,127.2685074,2022-07-05
402,동남H-13(5산단)신풍리 615,충청남도 천안시 동남구 수신면 신풍리 636,36.73805328,127.2685796,2022-07-05
403,동남H-14(5산단),충청남도 천안시 동남구 수신면 신풍리 636,36.73824471,127.2635699,2022-07-05
404,동남H-15(5산단),충청남도 천안시 동남구 수신면 신풍리 636,36.73804857,127.2636337,2022-07-05
405,동남H-16(5산단),충청남도 천안시 동남구 성남면 대화리 392,36.73907163,127.2583665,2022-07-05
406,동남H-17(5산단),충청남도 천안시 동남구 성남면 대화리 392,36.73896408,127.2580946,2022-07-05
407,동남H-18(5산단),충청남도 천안시 동남구 성남면 대화리 392,36.74382818,127.2527056,2022-07-05
408,동남H-19(5산단),충청남도 천안시 동남구 성남면 대화리 392,36.74372953,127.2524813,2022-07-05
409,동남H-20(5산단),충청남도 천안시 동남구 성남면 화성리 480,36.74218813,127.2569186,2022-07-05
410,동남H-21(5산단),충청남도 천안시 동남구 수신면 신풍리 628,36.74108979,127.2595601,2022-07-05
411,동남H-22(5산단),충청남도 천안시 동남구 수신면 신풍리 628,36.74042028,127.2618139,2022-07-05
412,동남H-23(5산단),충청남도 천안시 동남구 수신면 신풍리 627,36.74281388,127.2623259,2022-07-05
413,동남H-24(5산단),충청남도 천안시 동남구 수신면 신풍리 629,36.74007909,127.2653257,2022-07-05
414,동남H-25(5산단),충청남도 천안시 동남구 수신면 신풍리 630,36.73911787,127.2660081,2022-07-05
415,동남H-26(5산단),충청남도 천안시 동남구 수신면 신풍리 627,36.74042472,127.267916,2022-07-05
416,동남H-27(5산단),충청남도 천안시 동남구 성남면 대화리 394,36.7353672,127.2618388,2022-07-05
417,동남H-28(5산단),충청남도 천안시 동남구 성남면 대화리 394,36.73652511,127.258761,2022-07-05
418,동남H-29(5산단),충청남도 천안시 동남구 성남면 대화리 394,36.73840431,127.2554616,2022-07-05
419,동남H-30(5산단),충청남도 천안시 동남구 성남면 대화리 394,36.74031126,127.2517843,2022-07-05
420,동남H-31(5산단),충청남도 천안시 동남구 성남면 대화리 393,36.74166048,127.2497453,2022-07-05
421,동남H-32(5산단),충청남도 천안시 동남구 성남면 대화리 393,36.73818648,127.2519705,2022-07-05
422,동남H-33(공단용원4길87-33),충청남도 천안시 동남구 성남면 용원리 291-39,36.74575407,127.2124912,2022-07-05
423,동남I-01풍세산단로111),충청남도 천안시 동남구 풍세면 용정리 1043,36.73130123,127.0974151,2022-07-05
424,동남I-02(풍세산단로123),충청남도 천안시 동남구 풍세면 용정리 1044,36.73033358,127.0961209,2022-07-05
425,동남I-03(풍세산단5로30),충청남도 천안시 동남구 풍세면 용정리 1041,36.73338181,127.1039391,2022-07-05
426,동남I-04(풍세산단로171),충청남도 천안시 동남구 풍세면 용정리 1044,36.72688615,127.0969002,2022-07-05
427,동남I-05(풍세산단3로67),충청남도 천안시 동남구 풍세면 용정리 1042,36.72794877,127.0977635,2022-07-05
428,동남I-06(풍세산단3로 70),충청남도 천안시 동남구 풍세면 용정리 1007,36.72868624,127.0995108,2022-07-05
429,동남I-07(풍세산단로43),충청남도 천안시 동남구 풍세면 용정리 1044,36.73047274,127.102144,2022-07-05
430,동남I-08(풍세산단5로60),충청남도 천안시 동남구 풍세면 용정리 1041,36.73243446,127.1052813,2022-07-05
431,동남I-09(풍세산단2로60),충청남도 천안시 동남구 풍세면 보성리 708,36.7289305,127.1036757,2022-07-05
432,동남I-10(풍세산단1로15),충청남도 천안시 동남구 풍세면 보성리 833,36.72444528,127.1009102,2022-07-05
433,동남I-11(풍세산단4로22),충청남도 천안시 동남구 풍세면 보성리 834,36.7258452,127.1024625,2022-07-05
434,동남I-12(풍세산단4로14),충청남도 천안시 동남구 풍세면 보성리 837,36.72538974,127.1029153,2022-07-05
435,동남I-13(풍세산단1로55),충청남도 천안시 동남구 풍세면 보성리 834,36.72676757,127.1039414,2022-07-05
436,동남I-14(풍세산단로211),충청남도 천안시 동남구 풍세면 보성리 834,36.72362597,127.100064,2022-07-05
437,동남I-15(풍세산단로240),충청남도 천안시 동남구 풍세면 보성리 834,36.72252571,127.1011204,2022-07-05
438,동남I-16(풍세산단로279),충청남도 천안시 동남구 풍세면 보성리 837,36.7255227,127.1054454,2022-07-05
439,동남I-17(풍세산단로281),충청남도 천안시 동남구 풍세면 보성리 837,36.72572515,127.1057815,2022-07-05
440,동남I-18(풍세산단로250),충청남도 천안시 동남구 풍세면 보성리 834,36.72365491,127.1031089,2022-07-05
441,동남I-19(풍세산단로240),충청남도 천안시 동남구 풍세면 보성리 834,36.72124349,127.1041578,2022-07-05
442,동남I-20(용무길101),충청남도 천안시 동남구 풍세면 보성리 833,36.72753617,127.1060526,2022-07-05
443,동남I-21(보성리543-6),충청남도 천안시 동남구 풍세면 보성리 680-25,36.72678287,127.1166081,2022-07-05
444,동남I-22(보성리546-3),충청남도 천안시 동남구 풍세면 보성리 536-6,36.7270082,127.116558,2022-07-05
445,동남I-23(보성리422),충청남도 천안시 동남구 풍세면 보성리 422,36.72685756,127.1229723,2022-07-05
446,동남I-24(보성리 421),충청남도 천안시 동남구 풍세면 보성리 422,36.72700855,127.1229222,2022-07-05
447,동남I-25(보성리421-1),충청남도 천안시 동남구 풍세면 보성리 432-1,36.72711331,127.1240026,2022-07-05
448,동남I-26(안넙티길 1-9),충청남도 천안시 동남구 광덕면 보산원리 375-4,36.70239654,127.0701845,2022-07-05
449,동남LP-STC2(삼태리 74-9),충청남도 천안시 동남구 풍세면 삼태리 74-9,36.7549009,127.0982625,2022-07-05
450,동남LP-STC3(삼태리29-17)철,충청남도 천안시 동남구 풍세면 삼태리 29-17,36.75389477,127.0999185,2022-07-05
451,동남R03-북면연춘리,충청남도 천안시 동남구 북면 연춘리 188-2,36.77004586,127.250725,2022-07-05
452,동남R04-가전리전원주택,충청남도 천안시 동남구 병천면 가전리 210-26,36.76977654,127.2824419,2022-07-05
453,동남R05-목천서흥전원(점멸철거상태),충청남도 천안시 동남구 목천읍 서흥리 124-5,36.80567428,127.2383324,2022-07-05
454,동남R06목천동우,충청남도 천안시 동남구 목천읍 신계리 381-1,36.76799329,127.196995,2022-07-05
455,동남R07-병천소방소앞,충청남도 천안시 동남구 병천면 병천리 109-8,36.76391137,127.3003935,2022-07-05
456,동남R08-문성동전주,충청남도 천안시 동남구 문화동 39-4,36.81080976,127.1506975,2022-07-05
457,동남R09-선문대정문,충청남도 천안시 동남구 삼룡동 401-7,36.77385074,127.1642124,2022-07-05
458,동남R14-청수산장입구,충청남도 천안시 동남구 삼룡동 401-17,36.78818835,127.1635764,2022-07-05
459,동남R15-청화공사앞,충청남도 천안시 동남구 용곡동 289-12,36.79061506,127.1440589,2022-07-05
460,동남R16-구성아이파크전주,충청남도 천안시 동남구 구성동 304-25,36.79309732,127.1601527,2022-07-05
461,동남R20-청수터널,충청남도 천안시 동남구 청수동 246-2,36.78804366,127.1503112,2022-07-05
462,동남R21-도리토고개,충청남도 천안시 동남구 삼룡동 375-1,36.77213718,127.165256,2022-07-05
463,동남R24-도리티고개,충청남도 천안시 동남구 목천읍 삼성리 211-8,36.76658882,127.1666834,2022-07-05
464,동남R25-청삼교차로,충청남도 천안시 동남구 청당동 32-16,36.78144499,127.1625034,2022-07-05
465,동남R26-목천전주,충청남도 천안시 동남구 목천읍 남화리 5-7,36.78187442,127.2356933,2022-07-05
466,동남R27(명동길 57),충청남도 천안시 동남구 대흥동 89-1,36.8083721,127.1490342,2022-07-05
467,동남R29북부역광장,충청남도 천안시 동남구 대흥동 57-72,36.80950673,127.1478429,2022-07-05
468,동남R31-은지리전원1,충청남도 천안시 동남구 북면 은지리 592,36.78814937,127.263175,2022-07-05
469,동남R32-은지리전원2,충청남도 천안시 동남구 북면 은지리 산 10-4,36.78710396,127.2652552,2022-07-05
470,동남R33-청당지하도위,충청남도 천안시 동남구 청수동 425,36.78865549,127.1474443,2022-07-05
471,동남R34-병천가전리부경,충청남도 천안시 동남구 병천면 가전리 577-8,36.76235913,127.265366,2022-07-05
472,동남청당수자인-01,충청남도 천안시 동남구 청당동 300-5,36.77925636,127.1514394,2022-07-05
473,동남청당수자인-02,충청남도 천안시 동남구 청당동 307-7,36.77782604,127.1494959,2022-07-05
474,동남청당수자인-03,충청남도 천안시 동남구 청당동 304,36.77733634,127.1519454,2022-07-05
475,삼거리입구,충청남도 천안시 동남구 삼룡동 291-4,36.78472153,127.1682687,2022-07-05
476,오룡지하차도위,충청남도 천안시 동남구 오룡동 18-1,36.80638617,127.1482151,2022-07-05
477,용곡동천안천횡단교량,충청남도 천안시 동남구 용곡동 311-2,36.7914398,127.1420017,2022-07-05
478,용두교차로1,충청남도 천안시 동남구 병천면 용두리 575,36.75542642,127.3214475,2022-07-05
479,용두교차로2,충청남도 천안시 동남구 병천면 용두리 80-1,36.75551082,127.3218958,2022-07-05
480,창들2교차로1,충청남도 천안시 동남구 병천면 탑원리 364-2,36.75346794,127.3046305,2022-07-05
481,창들2교차로2,충청남도 천안시 동남구 병천면 탑원리 364-8,36.75287853,127.3051881,2022-07-05
482,천안TG경관조명(단대1로101),충청남도 천안시 동남구 신부동 271-2,36.83002416,127.1622922,2022-07-05
483,천안TG경관조명(신부동401-124),충청남도 천안시 동남구 신부동 401-124,36.82696636,127.162877,2022-07-05
484,천안TG경관조명1(신부동401-98),충청남도 천안시 동남구 신부동 401-97,36.82813109,127.1628403,2022-07-05
485,청룡지하차도1,충청남도 천안시 동남구 청당동 975,36.78207576,127.1522936,2022-07-05
486,청룡지하차도2,충청남도 천안시 동남구 청당동 143-7,36.78126529,127.1553615,2022-07-05
487,취암산터널입구,충청남도 천안시 동남구 삼룡동 121-12,36.78150451,127.1714543,2022-07-05
488,태양광-1,충청남도 천안시 동남구 신방동 785-41,36.78968941,127.1216498,2022-07-05
489,태양광-2,충청남도 천안시 서북구 성환읍 신가리 275-2,36.95152756,127.1121753,2022-07-05
490,태양광-3,충청남도 천안시 동남구 목천읍 덕전리 35,36.83714485,127.2086939,2022-07-05
491,화계교차로,충청남도 천안시 동남구 동면 화계리 246-3,36.76927246,127.3343748,2022-07-05
492,(미)서북성성1-01,충청남도 천안시 서북구 성성동 208-5,36.84399826,127.1248217,2022-07-05
493,(미)서북성성1-02,충청남도 천안시 서북구 성성동 205-14,36.84381353,127.1248214,2022-07-05
494,(미)서북성성1-03,충청남도 천안시 서북구 성성동 421-24,36.84090662,127.121288,2022-07-05
495,(미)서북성성1-04,충청남도 천안시 서북구 성성동 435,36.84021725,127.1234955,2022-07-05
496,(미)서북성성1-05,충청남도 천안시 서북구 성성동 376-18,36.84247881,127.1237009,2022-07-05
497,(육교)시민문화여성회관육교조명,충청남도 천안시 서북구 성환읍 성월리 96-9,36.91287569,127.1354907,2022-07-05
498,(임)서북 백석아이파크3차,충청남도 천안시 서북구 백석동 32-12,36.82896092,127.1249402,2022-07-05
499,(임)성성1(미수전),충청남도 천안시 서북구 성성동 194-1,36.84050771,127.1257886,2022-07-05
500,(임)성성2(미수전),충청남도 천안시 서북구 성성동 196-1,36.84107965,127.1260362,2022-07-05
501,(임)성성3(미수전),충청남도 천안시 서북구 성성동 197,36.84161529,127.1265192,2022-07-05
502,(통로)서부역사교(와촌동106-18),충청남도 천안시 서북구 와촌동 106-18,36.81008827,127.1439104,2022-07-05
503,(통로)철길조명(업성동 524-6),충청남도 천안시 서북구 업성동 524-6,36.86266711,127.1463472,2022-07-05
504,(통로)판정지하차도(용정리48-19),충청남도 천안시 서북구 입장면 용정리 48-19,36.91202486,127.189347,2022-07-05
505,KTX철길아래조명(불당동 1447),충청남도 천안시 서북구 불당동 1447,36.8010437,127.1022152,2022-07-05
506,LP-5(직산읍 신갈리 229) 　,충청남도 천안시 서북구 직산읍 신갈리 229,36.86421519,127.1128971,2022-07-05
507,LP-6(직산읍 신갈리 244) 　,충청남도 천안시 서북구 직산읍 신갈리 288,36.86345353,127.1131371,2022-07-05
508,두정1교(두정동 118-10),충청남도 천안시 서북구 두정동 118-10,36.83506051,127.1491756,2022-07-05
509,두정역동1길(두정동 90-18),충청남도 천안시 서북구 두정동 90-18,36.83220366,127.1494475,2022-07-05
510,백석아이파크2차(한들3로 10),충청남도 천안시 서북구 백석동 10-1,36.8245242,127.1237561,2022-07-05
511,불당LP-01(불당동 1810),충청남도 천안시 서북구 불당동 1810,36.80808437,127.1039672,2022-07-05
512,불당LP-02(불당동 1572),충청남도 천안시 서북구 불당동 1572,36.81251166,127.1006783,2022-07-05
513,불당LP-03(불당23로 10),충청남도 천안시 서북구 불당동 1866,36.81786421,127.1007245,2022-07-05
514,불당LP-04(불당동 1866),충청남도 천안시 서북구 불당동 1866,36.82300838,127.1020875,2022-07-05
515,불당LP-05(불당동 1937),충청남도 천안시 서북구 불당동 1937,36.80488507,127.1043775,2022-07-05
516,불당LP-06(불당동 1613),충청남도 천안시 서북구 불당동 1613,36.81093166,127.1042232,2022-07-05
517,불당LP-07(불당동 1614),충청남도 천안시 서북구 불당동 1614,36.81065967,127.1060943,2022-07-05
518,불당LP-08(불당동 1614),충청남도 천안시 서북구 불당동 1614,36.81306611,127.1055653,2022-07-05
519,불당LP-09(불당동 1547),충청남도 천안시 서북구 불당동 1547,36.81658225,127.1035023,2022-07-05
520,불당LP-10(불당동 1544),충청남도 천안시 서북구 불당동 1544,36.81599386,127.1065276,2022-07-05
521,불당LP-11(불당동 1883),충청남도 천안시 서북구 불당동 1883,36.81557833,127.1076534,2022-07-05
522,불당LP-12(불당동 1499),충청남도 천안시 서북구 불당동 1499,36.81847651,127.1064245,2022-07-05
523,불당LP-13(불당동 1519),충청남도 천안시 서북구 불당동 1519,36.81792977,127.1081554,2022-07-05
524,불당LP-14(불당동 1498),충청남도 천안시 서북구 불당동 1498,36.82198079,127.1075671,2022-07-05
525,불당LP-15(불당동 1492),충청남도 천안시 서북구 불당동 1492,36.8216458,127.1093039,2022-07-05
526,불당LP-16(불당29길 2),충청남도 천안시 서북구 불당동 1720,36.81077653,127.1012588,2022-07-05
527,불당LP-17(불당동 1892),충청남도 천안시 서북구 불당동 1892,36.81263768,127.1008298,2022-07-05
528,불당LP-18(불당동 1692),충청남도 천안시 서북구 불당동 1692,36.80917783,127.1055516,2022-07-05
529,불당LP-19(불당동 1938),충청남도 천안시 서북구 불당동 1938,36.80682301,127.1062992,2022-07-05
530,서북 가좌울1길(가산리 169-1),충청남도 천안시 서북구 입장면 가산리 169-1,36.93240294,127.197726,2022-07-05
531,서북 성성3-01,충청남도 천안시 서북구 성성동 21-9,36.84007112,127.1356228,2022-07-05
532,서북 성성3-02,충청남도 천안시 서북구 성성동 146,36.84008414,127.1300173,2022-07-05
533,서북 성성3-03,충청남도 천안시 서북구 성성동 187,36.84071676,127.1283171,2022-07-05
534,서북 성성3-04,충청남도 천안시 서북구 성성동 181-6,36.8414417,127.1287331,2022-07-05
535,서북 성성3-05,충청남도 천안시 서북구 성성동 126-6,36.84189387,127.1313741,2022-07-05
536,서북 성성3-06,충청남도 천안시 서북구 성성동 127-2,36.84126731,127.1316421,2022-07-05
537,서북 성성3-07,충청남도 천안시 서북구 성성동 94-4,36.84163194,127.1319286,2022-07-05
538,서북 성성3-08,충청남도 천안시 서북구 성성동 96-24,36.8436665,127.1336643,2022-07-05
539,서북 성성3-09,충청남도 천안시 서북구 성성동 96-29,36.84385572,127.1336702,2022-07-05
540,서북 성성3-신규1(4-07),충청남도 천안시 서북구 성성동 96-32,36.84367497,127.1341464,2022-07-05
541,서북 성성3-신규2(4-08),충청남도 천안시 서북구 성성동 96-32,36.84385971,127.1341299,2022-07-05
542,서북 성성3-신규3(4-02),충청남도 천안시 서북구 성성동 32-16,36.84176905,127.1381455,2022-07-05
543,서북 성성3-신규4(4-01),충청남도 천안시 서북구 성성동 32-16,36.84126218,127.1381502,2022-07-05
544,서북 성성3-신규5,충청남도 천안시 서북구 성성동 45-27,36.84651721,127.1387175,2022-07-05
545,서북 성성3-신규6(4-06),충청남도 천안시 서북구 성성동 30-1,36.84208116,127.1370922,2022-07-05
546,서북 성성3-신규7(4-04),충청남도 천안시 서북구 성성동 22,36.84162712,127.1362001,2022-07-05
547,서북 성성3-신규8(4-03),충청남도 천안시 서북구 성성동 22-1,36.84142888,127.1361998,2022-07-05
548,서북 성성3-신규9,충청남도 천안시 서북구 성성동 21-5,36.83975169,127.1371862,2022-07-05
549,서북-036(검은들3길 58),충청남도 천안시 서북구 불당동 731,36.81004812,127.1097301,2022-07-05
550,서북-059(부대동134-4),충청남도 천안시 서북구 부대동 134-7,36.84249939,127.1525254,2022-07-05
551,서북-060(천안대로 1368),충청남도 천안시 서북구 신당동 482-42,36.86247447,127.1508774,2022-07-05
552,서북-283(부송로 283),충청남도 천안시 서북구 직산읍 양당리 67-20,36.8807634,127.1225119,2022-07-05
553,서북-미즈나래병원앞,충청남도 천안시 서북구 쌍용동 395-14,36.79259095,127.1260239,2022-07-05
554,서북-신가초교1,충청남도 천안시 서북구 성환읍 신가리 386-47,36.95139424,127.1149567,2022-07-05
555,서북-신가초교2,충청남도 천안시 서북구 성환읍 신가리 386-23,36.95125455,127.114979,2022-07-05
556,서북-쌍용고2,충청남도 아산시 배방읍 장재리 82-11,36.78849999,127.112447,2022-07-05
557,서북-한솔아파트1(성월리 209),충청남도 천안시 서북구 성환읍 성월리 209,36.91822179,127.1351747,2022-07-05
558,서북003(천안대로2566),충청남도 천안시 서북구 성환읍 신가리 23-6,36.96401744,127.1205622,2022-07-05
559,서북004(천안대로2565),충청남도 천안시 서북구 성환읍 신가리 82-6,36.9638058,127.120444,2022-07-05
560,서북005(복모3길80),충청남도 천안시 서북구 성환읍 복모리 328-6,36.95300585,127.1230346,2022-07-05
561,서북019(쓰레기매립장안것),충청남도 천안시 서북구 백석동 570,36.83125989,127.1051251,2022-07-05
562,서북025(부송1길 55),충청남도 천안시 서북구 직산읍 부송리 72-8,36.87865387,127.1358228,2022-07-05
563,서북027(모시리 67-5),충청남도 천안시 서북구 직산읍 모시리 67-5,36.86779539,127.1455242,2022-07-05
564,서북044(4산단3로 91),충청남도 천안시 서북구 직산읍 신갈리 249,36.86208698,127.1168862,2022-07-05
565,서북050(2공단7길 66),충청남도 천안시 서북구 업성동 625-4,36.85709033,127.1236011,2022-07-05
566,서북051(2공단2로 95),충청남도 천안시 서북구 차암동 402,36.85828294,127.1205305,2022-07-05
567,서북055(2공단3로 13),충청남도 천안시 서북구 성성동 493-2,36.85196636,127.1247422,2022-07-05
568,서북057(2공단5로 8),충청남도 천안시 서북구 업성동 627,36.8555448,127.1237276,2022-07-05
569,서북061(와촌동 51-12),충청남도 천안시 서북구 와촌동 51-10,36.8113567,127.1456667,2022-07-05
570,서북062(와촌동106-17)　,충청남도 천안시 서북구 와촌동 106-17,36.80990891,127.145056,2022-07-05
571,서북089(신가리 550),충청남도 천안시 서북구 성환읍 신가리 550,36.96082577,127.1084245,2022-07-05
572,서북097(불당동 1084),충청남도 천안시 서북구 불당동 831,36.80309256,127.108622,2022-07-05
573,서북3산단01(차암동 245),충청남도 천안시 서북구 차암동 520,36.8455704,127.1090885,2022-07-05
574,서북3산단02(차암동 423),충청남도 천안시 서북구 차암동 520,36.84546668,127.1091864,2022-07-05
575,서북3산단03(차암동 263),충청남도 천안시 서북구 차암동 521,36.84295468,127.1068901,2022-07-05
576,서북3산단04(차암동 519),충청남도 천안시 서북구 차암동 519,36.84268176,127.1072597,2022-07-05
577,서북3산단05(3공단6로 77),충청남도 천안시 서북구 차암동 523,36.84216876,127.1040189,2022-07-05
578,서북3산단06(밤개울2길 1-3),충청남도 천안시 서북구 차암동 520,36.84086832,127.1020977,2022-07-05
579,서북3산단07(3공단6로 34),충청남도 천안시 서북구 차암동 520,36.84079639,127.1019234,2022-07-05
580,서북3산단08(차암동 495),충청남도 천안시 서북구 차암동 495,36.84001699,127.1018523,2022-07-05
581,서북A-01(신방로376),충청남도 천안시 서북구 성환읍 우신리 24-13,36.92357798,127.1190877,2022-07-05
582,서북A-02(신방로426),충청남도 천안시 서북구 성환읍 성환리 489-1,36.92060413,127.1237372,2022-07-05
583,서북A-03(신방로460),충청남도 천안시 서북구 성환읍 성환리 449-952,36.92044243,127.1275303,2022-07-05
584,서북A-04(성환읍 성환2로 145),충청남도 천안시 서북구 성환읍 성환리 308-3,36.91999375,127.1340162,2022-07-05
585,서북A-05(성환읍 성환12길 37),충청남도 천안시 서북구 성환읍 성환리 372-4,36.9172581,127.1327461,2022-07-05
586,서북A-06(성환읍성환1로229-1),충청남도 천안시 서북구 성환읍 성환리 449-1041,36.91522009,127.1279873,2022-07-05
587,서북A-07(성환읍 성환2로 61),충청남도 천안시 서북구 성환읍 성환리 410-1,36.91325201,127.1313786,2022-07-05
588,서북A-08L(성환읍 성환2로 50),충청남도 천안시 서북구 성환읍 매주리 311-19,36.91161303,127.1304556,2022-07-05
589,서북A-09(성환읍 매주리333-2),충청남도 천안시 서북구 성환읍 매주리 395-13,36.91133618,127.1260619,2022-07-05
590,서북A-10(성환읍 성진로 36),충청남도 천안시 서북구 성환읍 성월리 72-8,36.91178039,127.139781,2022-07-05
591,서북A-11(성환읍 성진로 36),충청남도 천안시 서북구 성환읍 성월리 72-11,36.91200341,127.1397814,2022-07-05
592,서북A-12(성환읍매주리459-29),충청남도 천안시 서북구 성환읍 매주리 470-3,36.90910246,127.1229612,2022-07-05
593,서북A-13(성환읍매주리116-14),충청남도 천안시 서북구 성환읍 매주리 116-14,36.90905784,127.1225403,2022-07-05
594,서북A-14(성환읍 매주리 244),충청남도 천안시 서북구 성환읍 매주리 183,36.90380841,127.1354887,2022-07-05
595,서북A-15(성환읍성환1로54-40),충청남도 천안시 서북구 성환읍 매주리 550-11,36.9019615,127.1311797,2022-07-05
596,서북A-16(성환읍매주리211-6),충청남도 천안시 서북구 성환읍 매주리 211-2,36.90160171,127.1305877,2022-07-05
597,서북A-17성환읍성환1로54-45),충청남도 천안시 서북구 성환읍 매주리 190,36.90076614,127.1324455,2022-07-05
598,서북A-18(성환읍 상덕로 384),충청남도 천안시 서북구 성환읍 매주리 94-16,36.89386414,127.1360741,2022-07-05
599,서북A-19(직산읍수헐리101-17),충청남도 천안시 서북구 직산읍 군서리 485-11,36.89013982,127.1422993,2022-07-05
600,서북A-20(직산읍수헐리101-17),충청남도 천안시 서북구 직산읍 수헐리 101-17,36.89015351,127.1421535,2022-07-05
601,서북A-21(직산읍 군동리 90-4),충청남도 천안시 서북구 직산읍 군동리 88-4,36.8982505,127.1659932,2022-07-05
602,서북A-22(직산읍 군동리92-10),충청남도 천안시 서북구 직산읍 군동리 357,36.89807648,127.1647755,2022-07-05
603,서북A-23(매주리 330-21),충청남도 천안시 서북구 성환읍 매주리 330-21,36.90988065,127.1284104,2022-07-05
604,서북B-01(직산로112),충청남도 천안시 서북구 직산읍 삼은리 517,36.88680263,127.157283,2022-07-05
605,서북B-02(직산로111),충청남도 천안시 서북구 직산읍 삼은리 15-16,36.88679631,127.1569548,2022-07-05
606,서북B-03(직산로40)교체요망,충청남도 천안시 서북구 직산읍 삼은리 284-9,36.8805823,127.1542276,2022-07-05
607,서북B-04(직산로39),충청남도 천안시 서북구 직산읍 삼은리 85-9,36.88061415,127.1539809,2022-07-05
608,서북B-05(봉주로15),충청남도 천안시 서북구 직산읍 삼은리 76-132,36.87691654,127.1482696,2022-07-05
609,서북B-06(봉주로18),충청남도 천안시 서북구 직산읍 삼은리 76-159,36.87678244,127.1484996,2022-07-05
610,서북B-07(봉주로71),충청남도 천안시 서북구 성거읍 신월리 343-11,36.87750055,127.1542158,2022-07-05
611,서북B-08(봉주로72),충청남도 천안시 서북구 성거읍 신월리 343-9,36.8773367,127.1544451,2022-07-05
612,서북B-09(봉주로82),충청남도 천안시 서북구 성거읍 신월리 369-33,36.87735463,127.1555559,2022-07-05
613,서북B-10(역전말3길104),충청남도 천안시 서북구 성거읍 신월리 14,36.87683944,127.1601199,2022-07-05
614,서북B-11(부송로519),충청남도 천안시 서북구 직산읍 삼은리 225-1,36.87634952,127.1451731,2022-07-05
615,서북B-12(부송로516),충청남도 천안시 서북구 직산읍 삼은리 233-17,36.87601648,127.1448753,2022-07-05
616,서북B-13(부송로459),충청남도 천안시 서북구 직산읍 부송리 41-5,36.87451354,127.1395224,2022-07-05
617,서북B-14(부송로460),충청남도 천안시 서북구 직산읍 부송리 41-5,36.87430177,127.1395332,2022-07-05
618,서북B-15(부송1길39),충청남도 천안시 서북구 직산읍 부송리 72-20,36.87724256,127.1367737,2022-07-05
619,서북B-16(천안대로1473),충청남도 천안시 서북구 직산읍 삼은리 263-88,36.87200335,127.1475034,2022-07-05
620,서북B-17(천안대로1439),충청남도 천안시 서북구 직산읍 삼은리 263-89,36.8717239,127.1475869,2022-07-05
621,서북B-18(성거읍천흥8길 18-4),충청남도 천안시 서북구 성거읍 천흥리 345,36.88305002,127.2082495,2022-07-05
622,서북B-19(성거읍 천흥리 556),충청남도 천안시 서북구 성거읍 천흥리 556,36.88007698,127.2091977,2022-07-05
623,서북B-20(성거읍천흥리 496-2),충청남도 천안시 서북구 성거읍 천흥리 492-5,36.8698428,127.2026649,2022-07-05
624,서북B-21(삼은4길5),충청남도 천안시 서북구 직산읍 삼은리 76-443,36.87828485,127.1504346,2022-07-05
625,서북B-22(삼은4길18),충청남도 천안시 서북구 직산읍 삼은리 75-3,36.87924539,127.1497438,2022-07-05
626,서북B-23(성거읍 오목리 4-1),충청남도 천안시 서북구 성거읍 오목리 215,36.8952603,127.2155975,2022-07-05
627,서북B-24(성거읍오목리136-1),충청남도 천안시 서북구 성거읍 오목리 163,36.8952481,127.2173477,2022-07-05
628,서북B-25(성거읍 오목리 136),충청남도 천안시 서북구 성거읍 오목리 213,36.89468976,127.217161,2022-07-05
629,서북B-26,충청남도 천안시 서북구 성거읍 신월리 403-21,36.87274167,127.1497704,2022-07-05
630,서북B-27,충청남도 천안시 서북구 직산읍 삼은리 87-6,36.88269406,127.1481801,2022-07-05
631,서북B-28,충청남도 천안시 서북구 직산읍 삼은리 77-6,36.88136937,127.1482337,2022-07-05
632,서북C-01(번영로840),충청남도 천안시 서북구 신당동 482-22,36.86264618,127.1504796,2022-07-05
633,서북C-02(번영로839),충청남도 천안시 서북구 신당동 479-16,36.86311516,127.1501553,2022-07-05
634,서북C-03(번영로763)교체요망,충청남도 천안시 서북구 업성동 593-2,36.86048634,127.144588,2022-07-05
635,서북C-04(번영로739),충청남도 천안시 서북구 업성동 109-9,36.85807339,127.1391336,2022-07-05
636,서북C-05(번영로730),충청남도 천안시 서북구 업성동 171-1,36.85746988,127.1389363,2022-07-05
637,서북C-06(업성2길 21),충청남도 천안시 서북구 업성동 176-6,36.85450414,127.1320012,2022-07-05
638,서북C-07(번영로 608),충청남도 천안시 서북구 업성동 484-13,36.8540829,127.1299317,2022-07-05
639,서북C-08(성성동 298-1)수리불,충청남도 천안시 서북구 성성동 299-2,36.85101919,127.1257049,2022-07-05
640,서북C-09(성성2길 151),충청남도 천안시 서북구 성성동 299-2,36.84949816,127.1239533,2022-07-05
641,서북C-10(성성2길 151),충청남도 천안시 서북구 성성동 299-2,36.84866006,127.1240192,2022-07-05
642,서북C-11(공단로 100),충청남도 천안시 서북구 성성동 299-2,36.84580958,127.1225627,2022-07-05
643,서북C-12(성성동 516),충청남도 천안시 서북구 성성동 520,36.84427451,127.1212821,2022-07-05
644,서북C-20(삼성대로219),충청남도 천안시 서북구 부대동 184-3,36.8391894,127.1440378,2022-07-05
645,서북C-22(천안대로1093),충청남도 천안시 서북구 부대동 176-20,36.8392302,127.1511008,2022-07-05
646,서북C-23(천안대로1094),충청남도 천안시 서북구 부대동 150-9,36.83954906,127.1519142,2022-07-05
647,서북C-24(천안대로1094),충청남도 천안시 서북구 부대동 150-9,36.83944539,127.1519476,2022-07-05
648,서북C-25(천안대로1169),충청남도 천안시 서북구 부대동 90-19,36.84572723,127.1545612,2022-07-05
649,서북C-26(신당새터2길24),충청남도 천안시 서북구 신당동 257-21,36.85078339,127.1572624,2022-07-05
650,서북C-27(천안대로1297),충청남도 천안시 서북구 신당동 421-13,36.85702453,127.1530421,2022-07-05
651,서북C-28(천안고1길20),충청남도 천안시 서북구 신당동 428-1,36.85747214,127.1553137,2022-07-05
652,서북C-29(천안대로1321),충청남도 천안시 서북구 신당동 427-28,36.85902624,127.1520593,2022-07-05
653,서북C-30(성성동 476-15),충청남도 천안시 서북구 성성동 520,36.84559305,127.1183747,2022-07-05
654,서북C-31(성성동 517),충청남도 천안시 서북구 성성동 517,36.84535885,127.1182846,2022-07-05
655,서북C-32(차암동 177-1),충청남도 천안시 서북구 차암동 200-17,36.84795202,127.1110344,2022-07-05
656,서북C-33(차암동 198-17),충청남도 천안시 서북구 차암동 198-17,36.84778994,127.1108996,2022-07-05
657,서북C-34(차암동 156-1),충청남도 천안시 서북구 차암동 156-2,36.85114339,127.109458,2022-07-05
658,서북C-35(차암동 154-16),충청남도 천안시 서북구 차암동 154-18,36.85123379,127.1091442,2022-07-05
659,서북C-36(차암동 22-12),충청남도 천안시 서북구 차암동 15-8,36.85694592,127.110083,2022-07-05
660,서북C-37(차암동 16-12),충청남도 천안시 서북구 차암동 16-12,36.85735123,127.1102854,2022-07-05
661,서북C-38(2공단1로 147),충청남도 천안시 서북구 차암동 7-1,36.85704714,127.1173159,2022-07-05
662,서북C-39(성성동 404-9),충청남도 천안시 서북구 성성동 377-8,36.84149081,127.120577,2022-07-05
663,서북C-40(업성2길34),충청남도 천안시 서북구 업성동 181,36.85918181,127.1351715,2022-07-05
664,서북C-41(2공단5로 35),충청남도 천안시 서북구 차암동 54-2,36.8544758,127.1205077,2022-07-05
665,서북C-42(2공단4로 19),충청남도 천안시 서북구 차암동 402,36.85005408,127.1178097,2022-07-05
666,서북C-43(직산읍 자은가리 160),충청남도 천안시 서북구 직산읍 자은가리 213,36.87060348,127.1225182,2022-07-05
667,서북C-44(직산읍4산단3로 136),충청남도 천안시 서북구 직산읍 모시리 268,36.8674632,127.1180103,2022-07-05
668,서북C-45(직산읍 모시리 279),충청남도 천안시 서북구 직산읍 모시리 279,36.86569569,127.1237664,2022-07-05
669,서북C-46(직산읍 4산단7로 52),충청남도 천안시 서북구 직산읍 모시리 237-13,36.86434369,127.124095,2022-07-05
670,서북C-47(직산읍 4산단5길 78),충청남도 천안시 서북구 직산읍 모시리 299,36.86343115,127.1220918,2022-07-05
671,서북C-48(4산단4로 42),충청남도 천안시 서북구 직산읍 모시리 280,36.8641008,127.1192948,2022-07-05
672,서북C-49(4산단5길 49),충청남도 천안시 서북구 직산읍 모시리 286,36.86375882,127.1188569,2022-07-05
673,서북C-50(2공단5로 147),충청남도 천안시 서북구 직산읍 모시리 292,36.86108233,127.1190714,2022-07-05
674,서북C-51(신당동 251-35),충청남도 천안시 서북구 신당동 251-59,36.85015087,127.1551588,2022-07-05
675,서북C-52(성성동 518),충청남도 천안시 서북구 성성동 520,36.84693137,127.113578,2022-07-05
676,서북C-53(4산단1길 10),충청남도 천안시 서북구 직산읍 신갈리 256,36.86034019,127.1131605,2022-07-05
677,서북C-54(2공단5로117-26),충청남도 천안시 서북구 직산읍 신갈리 288,36.85919582,127.1131308,2022-07-05
678,서북C-55(4산단3로 22),충청남도 천안시 서북구 직산읍 신갈리 269,36.85959776,127.1121277,2022-07-05
679,서북C-56(직산읍 신갈리 237),충청남도 천안시 서북구 직산읍 신갈리 237,36.8662146,127.1139766,2022-07-05
680,서북C-57(직산읍 신갈리 232),충청남도 천안시 서북구 직산읍 신갈리 232,36.86639054,127.113747,2022-07-05
681,서북C-58(4산단7로 156-16),충청남도 천안시 서북구 직산읍 신갈리 62-5,36.86764846,127.1174723,2022-07-05
682,서북C-59(4산단5길 33),충청남도 천안시 서북구 직산읍 신갈리 242,36.86372945,127.1166756,2022-07-05
683,서북C-60(신당동416-4),충청남도 천안시 서북구 신당동 416-4,36.85533603,127.1522117,2022-07-05
684,서북C-61(미개통),충청남도 천안시 서북구 업성동 153-2,36.85986224,127.1389939,2022-07-05
685,서북D-05(두정고7길 9),충청남도 천안시 서북구 두정동 1896,36.8367862,127.1299192,2022-07-05
686,서북D-06(두정고1길 25),충청남도 천안시 서북구 두정동 2008,36.83554303,127.129592,2022-07-05
687,서북D-07(두정로146),충청남도 천안시 서북구 두정동 1764,36.83371868,127.1333107,2022-07-05
688,서북D-08(서부대로711),충청남도 천안시 서북구 두정동 1782,36.83065964,127.1331148,2022-07-05
689,서북D-09(동서대로85),충청남도 천안시 서북구 두정동 1781,36.82671756,127.1328838,2022-07-05
690,서북D-10(늘푸른1길 50),충청남도 천안시 서북구 두정동 1776,36.82893108,127.1296621,2022-07-05
691,서북D-11(늘푸른1길 50),충청남도 천안시 서북구 두정동 666,36.82908218,127.1295083,2022-07-05
692,서북D-12(오성로 31),충청남도 천안시 서북구 두정동 1775,36.83050898,127.1308446,2022-07-05
693,서북D-13(늘푸른1길 50),충청남도 천안시 서북구 두정동 666,36.83034233,127.1307883,2022-07-05
694,서북D-14(노태산로 72),충청남도 천안시 서북구 두정동 572-2,36.83141147,127.1274944,2022-07-05
695,서북D-15(노태산로 73),충청남도 천안시 서북구 백석동 55-5,36.83146805,127.1272479,2022-07-05
696,서북D-16(백석동 970),충청남도 천안시 서북구 백석동 970,36.83392503,127.1258787,2022-07-05
697,서북D-17(백석동 1042),충청남도 천안시 서북구 백석동 1033,36.83398779,127.1218544,2022-07-05
698,서북D-18(백석동1140),충청남도 천안시 서북구 백석동 1136,36.83285745,127.1213201,2022-07-05
699,서북D-19(백석동1003),충청남도 천안시 서북구 백석동 1003,36.83050106,127.1213164,2022-07-05
700,서북D-20(한들3로83),충청남도 천안시 서북구 백석동 1009,36.83114324,127.1233632,2022-07-05
701,서북D-21(한들3로84),충청남도 천안시 서북구 백석동 942,36.83111141,127.123649,2022-07-05
702,서북D-22(한들2로 34-41),충청남도 천안시 서북구 백석동 1005,36.8291705,127.1227043,2022-07-05
703,서북D-23(백석동984),충청남도 천안시 서북구 백석동 1004,36.82885432,127.123466,2022-07-05
704,서북D-24(번영로 306-15),충청남도 천안시 서북구 백석동 932,36.82957254,127.117201,2022-07-05
705,서북D-25(백석동 338-24),충청남도 천안시 서북구 백석동 338-36,36.82614931,127.1162038,2022-07-05
706,서북D-27(백석동 604-30),충청남도 천안시 서북구 백석동 688-1,36.82373427,127.1066616,2022-07-05
707,서북D-28(백석동 921),충청남도 천안시 서북구 백석동 921,36.82552142,127.1132045,2022-07-05
708,서북D-29(백석동 926),충청남도 천안시 서북구 백석동 926,36.82600337,127.1133621,2022-07-05
709,서북D-30(백석공단2길 16),충청남도 천안시 서북구 백석동 725,36.82692725,127.1131001,2022-07-05
710,서북D-33(3공단3로 51),충청남도 천안시 서북구 백석동 729,36.83315587,127.1157436,2022-07-05
711,서북D-34(백석동 1126),충청남도 천안시 서북구 성성동 525-1,36.83827563,127.1188119,2022-07-05
712,서북D-36(한들1로 171),충청남도 천안시 서북구 백석동 1057,36.83809864,127.120084,2022-07-05
713,서북D-37(백석동 1059),충청남도 천안시 서북구 백석동 1059,36.83679186,127.1202557,2022-07-05
714,서북D-38(한들1로 144),충청남도 천안시 서북구 백석동 1090,36.83498566,127.1197428,2022-07-05
715,서북D-39(한들1로 126-19),충청남도 천안시 서북구 백석동 1107,36.83334086,127.1200205,2022-07-05
716,서북D-40(백석동 1113),충청남도 천안시 서북구 백석동 1113,36.83185562,127.1184376,2022-07-05
717,서북D-41(백석동 1125),충청남도 천안시 서북구 백석동 1141,36.83068071,127.1173905,2022-07-05
718,서북D-42(한들1로 87),충청남도 천안시 서북구 백석동 1140,36.82996458,127.1171354,2022-07-05
719,서북D-43(백석동 1130),충청남도 천안시 서북구 백석동 1130,36.83166882,127.1204999,2022-07-05
720,서북D-44(백석동 1071),충청남도 천안시 서북구 백석동 1140,36.83671747,127.1225089,2022-07-05
721,서북D-45(성성동 514),충청남도 천안시 서북구 성성동 525,36.83756008,127.1179868,2022-07-05
722,서북D-46(번영로 507),충청남도 천안시 서북구 성성동 520,36.83878052,127.1185492,2022-07-05
723,서북D-47(3공단5로 64),충청남도 천안시 서북구 성성동 510,36.83898832,127.1179946,2022-07-05
724,서북D-48(백석공단1로200-23),충청남도 천안시 서북구 차암동 404,36.84036763,127.1127163,2022-07-05
725,서북D-49(차암동 411),충청남도 천안시 서북구 차암동 411,36.83917721,127.108914,2022-07-05
726,서북D-50(차암동 374-22),충청남도 천안시 서북구 차암동 374-22,36.83889378,127.108454,2022-07-05
727,서북D-51(3공단1로 3),충청남도 천안시 서북구 백석동 754,36.83109642,127.1065485,2022-07-05
728,서북D-52(3공단2로 2),충청남도 천안시 서북구 백석동 740,36.83461194,127.1101743,2022-07-05
729,서북D-53(3공단2로 42),충청남도 천안시 서북구 백석동 710,36.83396481,127.1132001,2022-07-05
730,서북D-55(3공단2로 42),충청남도 천안시 서북구 성성동 513,36.8365857,127.1145829,2022-07-05
731,서북D-56(백석공단1로 20),충청남도 천안시 서북구 백석동 555-58,36.82510538,127.110043,2022-07-05
732,서북D-57(백석공단1로 42),충청남도 천안시 서북구 백석동 555-47,36.82674607,127.1093111,2022-07-05
733,서북D-58(백석공단1로 47),충청남도 천안시 서북구 백석동 555-42,36.82696731,127.1088014,2022-07-05
734,서북D-59(백석공단1로 58),충청남도 천안시 서북구 백석동 555-27,36.82838283,127.1079403,2022-07-05
735,서북D-60(백석공단1로 80),충청남도 천안시 서북구 백석동 555-36,36.82984376,127.1066869,2022-07-05
736,서북D-61(노태산로 145),충청남도 천안시 서북구 두정동 2053,36.83693729,127.1297765,2022-07-05
737,서북D-62(백석동 99-2),충청남도 천안시 서북구 백석동 99-9,36.8271648,127.1189964,2022-07-05
738,서북D-63(성성동160-28),충청남도 천안시 서북구 두정동 2053,36.83674287,127.1283329,2022-07-05
739,서북D-64(백석동 131-4)점멸기,충청남도 천안시 서북구 백석동 131-12,36.82548913,127.1186015,2022-07-05
740,서북D-65(백석동 1177 ),충청남도 천안시 서북구 백석동 1177,36.8244062,127.1188518,2022-07-05
741,서북D-66(한들3로 35-23),충청남도 천안시 서북구 백석동 1182,36.82548855,127.1235951,2022-07-05
742,서북D-67(한들3로 35-4),충청남도 천안시 서북구 백석동 1181,36.82680468,127.1230984,2022-07-05
743,서북E-02(서부대로766),충청남도 천안시 서북구 두정동 990,36.83566457,127.1337569,2022-07-05
744,서북E-05(두정역동3길33),충청남도 천안시 서북구 두정동 1691,36.83853641,127.1510546,2022-07-05
745,서북E-06(두정공단1길163),충청남도 천안시 서북구 부대동 150-9,36.83872929,127.1517276,2022-07-05
746,서북E-07(두정공단1길163),충청남도 천안시 서북구 부대동 150-9,36.83877875,127.1518062,2022-07-05
747,서북E-08(삼성대로370),충청남도 천안시 서북구 부대동 40-36,36.83771856,127.1597412,2022-07-05
748,서북E-09(삼성대로369),충청남도 천안시 서북구 부대동 40-36,36.83801961,127.1603528,2022-07-05
749,서북E-10(두정공단2길37),충청남도 천안시 서북구 두정동 395-4,36.83638249,127.1547722,2022-07-05
750,서북E-11(천안대로1047),충청남도 천안시 서북구 두정동 2039,36.83517477,127.1514515,2022-07-05
751,서북E-12(천안대로1043),충청남도 천안시 서북구 두정동 2042,36.83490441,127.1514734,2022-07-05
752,서북E-13(천안대로1040),충청남도 천안시 서북구 두정동 406,36.83454124,127.151851,2022-07-05
753,서북E-14(두정역길34),충청남도 천안시 서북구 두정동 118-22,36.83502289,127.149349,2022-07-05
754,서북E-15(두정역동1길20),충청남도 천안시 서북구 두정동 1835,36.83699814,127.1489776,2022-07-05
755,서북E-16(두정역서3길68)),충청남도 천안시 서북구 두정동 1832,36.83688181,127.1483215,2022-07-05
756,서북E-17(봉정로403),충청남도 천안시 서북구 두정동 1831,36.8379531,127.1455097,2022-07-05
757,서북E-18(봉정로379),충청남도 천안시 서북구 두정동 527-3,36.83566438,127.1454325,2022-07-05
758,서북E-19(두정중5길 33),충청남도 천안시 서북구 두정동 527,36.83674789,127.1436353,2022-07-05
759,서북E-20(성정두정로142),충청남도 천안시 서북구 두정동 1830,36.83782654,127.1421182,2022-07-05
760,서북E-21(성정두정로115),충청남도 천안시 서북구 두정동 1220,36.83570714,127.1417416,2022-07-05
761,서북E-22(두정중11길17),충청남도 천안시 서북구 두정동 1803-3,36.83788888,127.1389289,2022-07-05
762,서북E-23(부성8길29),충청남도 천안시 서북구 두정동 1786,36.83786341,127.1375836,2022-07-05
763,서북E-24(부성6길 39-3),충청남도 천안시 서북구 두정동 1800,36.83607423,127.1380064,2022-07-05
764,서북E-25(두정중8길 3),충청남도 천안시 서북구 두정동 1196,36.83579892,127.1384094,2022-07-05
765,서북E-26(두정로228),충청남도 천안시 서북구 두정동 1467,36.83334813,127.1420427,2022-07-05
766,서북E-27(성정두정로82),충청남도 천안시 서북구 두정동 1465,36.83255538,127.1418563,2022-07-05
767,서북E-28(성정두정로76),충청남도 천안시 서북구 두정동 1464,36.83212735,127.1418611,2022-07-05
768,서북E-29(성정두정로62),충청남도 천안시 서북구 두정동 1394,36.83102815,127.1417357,2022-07-05
769,서북E-30(오성로74),충청남도 천안시 서북구 성정동 1152,36.83025131,127.1356251,2022-07-05
770,서북E-31(성정중7길22),충청남도 천안시 서북구 성정동 1540,36.82855956,127.1355576,2022-07-05
771,서북E-32(쌍용대로372),충청남도 천안시 서북구 두정동 1801,36.83052338,127.1380222,2022-07-05
772,서북E-33(쌍용대로368),충청남도 천안시 서북구 성정동 1545,36.83001475,127.1375975,2022-07-05
773,서북E-34(성정두정로47),충청남도 천안시 서북구 성정동 1317,36.82988217,127.1411619,2022-07-05
774,서북E-35(성정두정로48),충청남도 천안시 서북구 성정동 1323,36.82970596,127.1415792,2022-07-05
775,서북E-36(성정공원5로35),충청남도 천안시 서북구 성정동 1549,36.82795574,127.1414218,2022-07-05
776,서북E-37(성정두정로1),충청남도 천안시 서북구 성정동 1554,36.82576713,127.1405099,2022-07-05
777,서북E-38(봉정로296),충청남도 천안시 서북구 성정동 24-15,36.82909786,127.1451875,2022-07-05
778,서북E-39(봉정로313),충청남도 천안시 서북구 두정동 1823,36.83004648,127.1450211,2022-07-05
779,서북E-40(두정로280),충청남도 천안시 서북구 두정동 71-18,36.83274067,127.1476855,2022-07-05
780,서북E-41(두정역서3길26),충청남도 천안시 서북구 두정동 78,36.8329258,127.1484428,2022-07-05
781,서북E-42(천안대로999-20),충청남도 천안시 서북구 두정동 90-17,36.83224365,127.1498876,2022-07-05
782,서북E-43(두정로311),충청남도 천안시 서북구 두정동 389-18,36.83224154,127.1515578,2022-07-05
783,서북E-44(천안대로997),충청남도 천안시 서북구 두정동 423,36.83089397,127.1518803,2022-07-05
784,서북E-45(천안대로971),충청남도 천안시 서북구 두정동 2051,36.82855519,127.1521951,2022-07-05
785,서북E-46(천안대로970)(누전),충청남도 천안시 서북구 두정동 41-3,36.8284104,127.1526768,2022-07-05
786,서북E-47(두정동 2052),충청남도 천안시 서북구 두정동 2052,36.82817186,127.1507091,2022-07-05
787,서북E-48(두정역서4길23),충청남도 천안시 서북구 두정동 1832,36.83778833,127.1475946,2022-07-05
788,서북E-49(북일로 21),충청남도 천안시 서북구 두정동 26-22,36.83188781,127.1533507,2022-07-05
789,서북E-50(북일로 21),충청남도 천안시 서북구 두정동 28-7,36.83170916,127.1538744,2022-07-05
790,서북F-01(백석동 646-37),충청남도 천안시 서북구 백석동 646-23,36.82365378,127.1059778,2022-07-05
791,서북F-02(백석로 16),충청남도 천안시 서북구 백석동 293-2,36.82255586,127.1141641,2022-07-05
792,서북F-03(백석동 680-1),충청남도 천안시 서북구 불당동 1882,36.82006299,127.1107755,2022-07-05
793,서북F-04(백석3로 5)전원공급x,충청남도 천안시 서북구 백석동 666-1,36.81958056,127.1111391,2022-07-05
794,서북F-05(불당동 667-11),충청남도 천안시 서북구 불당동 667-11,36.81534205,127.1098329,2022-07-05
795,서북F-06(불당동 266),충청남도 천안시 서북구 불당동 1882,36.81028867,127.1078141,2022-07-05
796,서북F-07(불당동 266),충청남도 천안시 서북구 불당동 266,36.81010849,127.107769,2022-07-05
797,서북F-08(불당동 754),충청남도 천안시 서북구 불당동 756,36.80980851,127.1081664,2022-07-05
798,서북F-09(불당동 534-34),충청남도 천안시 서북구 불당동 1882,36.80501414,127.1061762,2022-07-05
799,서북F-10(불당동 534-34),충청남도 천안시 서북구 불당동 1882,36.80484296,127.1061367,2022-07-05
800,서북F-11(불당동 939),충청남도 천안시 서북구 불당동 722,36.80486956,127.1066186,2022-07-05
801,서북F-12(불당동 1115 ),충청남도 천안시 서북구 불당동 1119,36.80209295,127.1079426,2022-07-05
802,서북F-13(불당동 794)교체요망,충청남도 천안시 서북구 불당동 794,36.80202988,127.1127833,2022-07-05
803,서북F-14(월봉로 122),충청남도 천안시 서북구 쌍용동 2034,36.80127591,127.1189877,2022-07-05
804,서북F-15(쌍용11길 58),충청남도 천안시 서북구 쌍용동 1292,36.80061343,127.1235719,2022-07-05
805,서북F-16(쌍용11길 58),충청남도 천안시 서북구 쌍용동 1288,36.8014166,127.1267275,2022-07-05
806,서북F-17(쌍용동 286-2),충청남도 천안시 서북구 쌍용동 286-5,36.80734889,127.1281605,2022-07-05
807,서북F-18(쌍용동 315-9보수중,충청남도 천안시 서북구 쌍용동 315-9,36.81141181,127.1291647,2022-07-05
808,서북F-19(서부대로 523-6),충청남도 천안시 동남구 봉명동 131-25,36.81450185,127.1298647,2022-07-05
809,서북F-20(서부대로 561),충청남도 천안시 동남구 봉명동 153-1,36.81730352,127.1305812,2022-07-05
810,서북F-21(성정동 542-16),충청남도 천안시 서북구 성정동 542-12,36.82491136,127.1324099,2022-07-05
811,서북F-22(백석4길 14),충청남도 천안시 서북구 백석동 770,36.82343389,127.1237207,2022-07-05
812,서북F-23(백석4길 21),충청남도 천안시 서북구 백석동 874,36.82307195,127.1238655,2022-07-05
813,서북F-25(백석동 191-8),충청남도 천안시 서북구 백석동 191-8,36.82202992,127.1263356,2022-07-05
814,서북F-26(성정동 581-6),충청남도 천안시 서북구 성정동 581-6,36.82011252,127.1287086,2022-07-05
815,서북F-27(백석3로 98),충청남도 천안시 서북구 백석동 902,36.82047044,127.1225671,2022-07-05
816,서북F-28(백석2길 40),충청남도 천안시 서북구 백석동 900,36.81829708,127.1198009,2022-07-05
817,서북F-29(백석3로 70),충청남도 천안시 서북구 백석동 908,36.81893027,127.117381,2022-07-05
818,서북F-30(번영로 208),충청남도 천안시 서북구 불당동 30,36.81617419,127.116043,2022-07-05
819,서북F-31(불당4로 111),충청남도 천안시 서북구 불당동 687,36.81183513,127.1115509,2022-07-05
820,서북F-33(불당동419-12),충청남도 천안시 서북구 불당동 761-1,36.80749853,127.1139344,2022-07-05
821,서북F-34(불당동 833),충청남도 천안시 서북구 불당동 833,36.80688968,127.1097844,2022-07-05
822,서북F-35(불당4로 39-21),충청남도 천안시 서북구 불당동 854,36.80545269,127.1094798,2022-07-05
823,서북F-36(불당11로 35),충청남도 천안시 서북구 불당동 829,36.80517745,127.1099136,2022-07-05
824,서북F-37(불당5길 27),충청남도 천안시 서북구 불당동 740,36.80399282,127.1095561,2022-07-05
825,서북F-38(불당동 1262),충청남도 천안시 서북구 불당동 1262,36.80341351,127.1123399,2022-07-05
826,서북F-39(불당동 815),충청남도 천안시 서북구 불당동 815,36.80436569,127.1154705,2022-07-05
827,서북F-40(불당11로 68),충청남도 천안시 서북구 불당동 786,36.80535863,127.1160211,2022-07-05
828,서북F-41(불당동 761),충청남도 천안시 서북구 불당동 761,36.80636679,127.114818,2022-07-05
829,서북F-42(쌍용동 2108),충청남도 천안시 서북구 쌍용동 2108,36.80731366,127.1186912,2022-07-05
830,서북F-43(쌍용동 2110),충청남도 천안시 서북구 쌍용동 2109,36.80732241,127.1189517,2022-07-05
831,서북F-44(쌍용동 1916),충청남도 천안시 서북구 쌍용동 2034,36.80419365,127.1208379,2022-07-05
832,서북F-45(불당동 204-2),충청남도 천안시 서북구 불당동 1882,36.81540107,127.109351,2022-07-05
833,서북F-46(백석로 89),충청남도 천안시 서북구 백석동 147-4,36.82356184,127.1219836,2022-07-05
834,서북F-47(불당동 778),충청남도 천안시 서북구 불당동 780,36.80599654,127.1156355,2022-07-05
835,서북F-48(불당16길 25-1),충청남도 천안시 서북구 불당동 1370,36.80152068,127.1080035,2022-07-05
836,서북F-49,충청남도 천안시 서북구 쌍용동 308-11,36.80810117,127.1282934,2022-07-05
837,서북G-01(동서대로94),충청남도 천안시 서북구 성정동 785,36.82633417,127.1332586,2022-07-05
838,서북G-02(동서대로162),충청남도 천안시 서북구 성정동 747,36.82542398,127.1411285,2022-07-05
839,서북G-03(동서대로194),충청남도 천안시 서북구 성정동 747,36.82514029,127.1447401,2022-07-05
840,서북G-04(백석로 197),충청남도 천안시 서북구 성정동 902,36.81958227,127.1315405,2022-07-05
841,서북G-05(서부대로 516),충청남도 천안시 동남구 봉명동 503,36.81310507,127.129924,2022-07-05
842,서북G-06(쌍용동 315-9),충청남도 천안시 서북구 쌍용동 315-9,36.81128527,127.1295119,2022-07-05
843,서북G-07(봉서1길 6),충청남도 천안시 서북구 쌍용동 857,36.80917676,127.1294355,2022-07-05
844,서북G-08(봉명로 7),충청남도 천안시 서북구 쌍용동 843,36.80784296,127.1295789,2022-07-05
845,서북G-09(미라8길 3),충청남도 천안시 서북구 쌍용동 1261,36.80354676,127.1276387,2022-07-05
846,서북G-10(미라5길 12),충청남도 천안시 서북구 쌍용동 1261,36.79973058,127.1276044,2022-07-05
847,서북G-11(쌍용대로 17),충청남도 천안시 서북구 쌍용동 510-19,36.7991007,127.1309312,2022-07-05
848,서북G-12(쌍용동 537-14),충청남도 천안시 서북구 쌍용동 543,36.7980682,127.131585,2022-07-05
849,서북G-13(미라8길 28),충청남도 천안시 서북구 쌍용동 1157-1,36.80287223,127.1305847,2022-07-05
850,서북G-14(쌍용대로 63),충청남도 천안시 서북구 쌍용동 1257,36.80315479,127.1317505,2022-07-05
851,서북G-15(쌍용대로 72),충청남도 천안시 동남구 쌍용동 549-7,36.80396517,127.1323178,2022-07-05
852,서북G-16(함철거),충청남도 천안시 서북구 쌍용동 948-1,36.80554752,127.1315025,2022-07-05
853,서북G-17(봉명로 35),충청남도 천안시 서북구 쌍용동 825,36.80753785,127.1325145,2022-07-05
854,서북G-18(봉명로 53),충청남도 천안시 동남구 봉명동 205-1,36.80980311,127.1334429,2022-07-05
855,서북G-19(쌍용대로 189),충청남도 천안시 동남구 봉명동 500,36.81420403,127.1343359,2022-07-05
856,서북G-20(쌍용대로 216),충청남도 천안시 서북구 성정동 704-1,36.81646925,127.1352757,2022-07-05
857,서북G-21(백석로 229),충청남도 천안시 서북구 성정동 1101,36.81882544,127.1354592,2022-07-05
858,서북G-22(백석로 217),충청남도 천안시 서북구 성정동 1105,36.81885432,127.1338341,2022-07-05
859,서북G-23(개목4길 49),충청남도 천안시 서북구 성정동 1105,36.81872859,127.1334528,2022-07-05
860,서북G-24(도원8길 35),충청남도 천안시 서북구 성정동 1102,36.82087989,127.1355357,2022-07-05
861,서북G-25(쌍용대로 278),충청남도 천안시 서북구 성정동 748,36.82185637,127.1365966,2022-07-05
862,서북G-26(쌍용대로 289-11),충청남도 천안시 서북구 성정동 789,36.82308225,127.1362793,2022-07-05
863,서북G-27(서부16길 49),충청남도 천안시 서북구 성정동 643,36.82265409,127.1402688,2022-07-05
864,서북G-28(백석로 251),충청남도 천안시 서북구 성정동 678-23,36.81861578,127.1375603,2022-07-05
865,서북G-29(백석로 250),충청남도 천안시 서북구 성정동 700-12,36.81842216,127.1374591,2022-07-05
866,서북G-30(백석로 281),충청남도 천안시 서북구 성정동 688-17,36.81867493,127.1409116,2022-07-05
867,서북G-31(백석로 280),충청남도 천안시 서북구 성정동 695-6,36.81847685,127.1407711,2022-07-05
868,서북G-32(축구센터로 150),충청남도 천안시 서북구 성정동 354,36.81895797,127.145328,2022-07-05
869,서북G-33(성정동 329-5),충청남도 천안시 서북구 성정동 329-12,36.81841739,127.1452542,2022-07-05
870,서북G-34(봉정로 216),충청남도 천안시 서북구 성정동 663-7,36.82117228,127.1436061,2022-07-05
871,서북G-35(봉정로 213),충청남도 천안시 서북구 성정동 749,36.82101491,127.1433425,2022-07-05
872,서북G-36(봉정로 170),충청남도 천안시 서북구 성정동 314-16,36.81732572,127.1426351,2022-07-05
873,서북G-37(봉정로 157),충청남도 천안시 서북구 성정동 714-17,36.81597473,127.1420722,2022-07-05
874,서북G-38(성정로 102),충청남도 천안시 서북구 성정동 749,36.81348388,127.141468,2022-07-05
875,서북G-39(성정로 78),충청남도 천안시 서북구 성정동 751,36.8136764,127.1386778,2022-07-05
876,서북G-40(천안천4길 18-10),충청남도 천안시 서북구 와촌동 173,36.80743972,127.1433172,2022-07-05
877,서북G-41(와촌4길 16),충청남도 천안시 서북구 와촌동 174,36.80593403,127.1440035,2022-07-05
878,서북G-42(와촌동 138-3),충청남도 천안시 서북구 와촌동 138-3,36.80535129,127.1452575,2022-07-05
879,서북G-43(성정동 171-25),충청남도 천안시 서북구 성정동 609-18,36.81337012,127.1461188,2022-07-05
880,서북G-44(선영10길 45),충청남도 천안시 서북구 성정동 119-34,36.81547296,127.1471315,2022-07-05
881,서북G-45(와촌동 106-7),충청남도 천안시 서북구 와촌동 166-146,36.81111477,127.1445399,2022-07-05
882,서북G-46(성정동 609-41),충청남도 천안시 서북구 성정동 609-41,36.81241068,127.1459264,2022-07-05
883,서북G-47(성정로 22),충청남도 천안시 동남구 봉명동 405,36.81413855,127.1324586,2022-07-05
884,서북G-48(서부역9로 15-3),충청남도 천안시 서북구 성정동 208-14,36.81035155,127.1422804,2022-07-05
885,서북G-50(축구센터로 150),충청남도 천안시 서북구 성정동 350-4,36.82181971,127.1447394,2022-07-05
886,서북G-51(세관길 60),충청남도 천안시 서북구 성정동 349-4,36.82181094,127.1445376,2022-07-05
887,서북G-52(오룡지하차도),충청남도 천안시 서북구 와촌동 178,36.80677255,127.1436017,2022-07-05
888,서북G-53(와촌4길),충청남도 천안시 서북구 와촌동 128,36.80491137,127.1439232,2022-07-05
889,서북H-01(불당동 1272),충청남도 천안시 서북구 불당동 1274,36.80157893,127.1131973,2022-07-05
890,서북H-02(월봉로 95),충청남도 천안시 서북구 쌍용동 1899,36.80065935,127.1182831,2022-07-05
891,서북H-03(쌍용17길 13),충청남도 천안시 서북구 쌍용동 776,36.80016749,127.1234648,2022-07-05
892,서북H-04(쌍용동 210-19),충청남도 천안시 서북구 쌍용동 203-29,36.79835887,127.1294789,2022-07-05
893,서북H-05(충무로 201),충청남도 천안시 서북구 쌍용동 197-6,36.79607582,127.1283042,2022-07-05
894,서북H-06(충무로 200),충청남도 천안시 서북구 쌍용동 200-6,36.79589072,127.1286456,2022-07-05
895,서북H-07(쌍용동 2039),충청남도 천안시 서북구 쌍용동 2040,36.79349575,127.1267929,2022-07-05
896,서북H-08(서부대로 355),충청남도 천안시 서북구 쌍용동 220-2,36.79662799,127.1259745,2022-07-05
897,서북H-09(서부대로 355),충청남도 천안시 서북구 쌍용동 220-2,36.79664172,127.1257729,2022-07-05
898,서북H-10(쌍용동 780),충청남도 천안시 서북구 쌍용동 779,36.79766903,127.1257297,2022-07-05
899,서북H-11(쌍용동 409-2),충청남도 천안시 서북구 쌍용동 529-8,36.79413118,127.1223514,2022-07-05
900,서북H-12(충무로 133),충청남도 천안시 서북구 쌍용동 446-20,36.79303653,127.1221536,2022-07-05
901,서북H-13(충무로158-10),충청남도 천안시 서북구 쌍용동 1363-1,36.79294147,127.1231651,2022-07-05
902,서북H-14(충무로 125),충청남도 천안시 서북구 쌍용동 446,36.79258708,127.1210773,2022-07-05
903,서북H-15(충무로 124-24),충청남도 천안시 서북구 쌍용동 2046-2,36.79073289,127.1255643,2022-07-05
904,서북H-16(신방동 785-43),충청남도 천안시 동남구 신방동 785-43,36.78982419,127.1220309,2022-07-05
905,서북H-17(쌍용동 2051),충청남도 천안시 서북구 쌍용동 2053,36.79018296,127.1192361,2022-07-05
906,서북H-18(월봉4로 35),충청남도 천안시 서북구 쌍용동 1788,36.79062342,127.1157748,2022-07-05
907,서북H-19(월봉7길 18),충청남도 천안시 서북구 쌍용동 2059,36.78882891,127.1147862,2022-07-05
908,서북H-20(월봉1길 15),충청남도 천안시 서북구 쌍용동 2075,36.78826703,127.1157601,2022-07-05
909,서북H-21(월봉로 62),충청남도 천안시 서북구 쌍용동 1536,36.79588835,127.1178948,2022-07-05
910,서북H-22(쌍용동 1537),충청남도 천안시 서북구 쌍용동 1537,36.79778796,127.1150629,2022-07-05
911,서북H-23(불당동 1444),충청남도 천안시 서북구 불당동 1444,36.79991409,127.1108417,2022-07-05
912,서북H-24(불당동 1444),충청남도 천안시 서북구 불당동 1444,36.79974309,127.110623,2022-07-05
913,서북H-25(광장로 239),충청남도 천안시 서북구 불당동 1423,36.80001825,127.110276,2022-07-05
914,서북H-26(불당동 1427),충청남도 천안시 서북구 불당동 1446,36.80181232,127.1093485,2022-07-05
915,서북H-27(불당동 1427),충청남도 천안시 서북구 불당동 1446,36.8018034,127.1092449,2022-07-05
916,서북H-28(불당동 1434),충청남도 천안시 서북구 불당동 1434,36.79957873,127.108068,2022-07-05
917,서북H-29(불당16길 4-8),충청남도 천안시 서북구 불당동 1397,36.80031392,127.107195,2022-07-05
918,서북H-30(불당동 1373),충청남도 천안시 서북구 불당동 1373,36.79953546,127.106079,2022-07-05
919,서북H-31(불당동 527),충청남도 천안시 서북구 불당동 527,36.80039449,127.1026962,2022-07-05
920,서북H-32(불당동 527),충청남도 천안시 서북구 불당동 571-7,36.80036754,127.1025953,2022-07-05
921,서북H-33(불당동 502-8),충청남도 천안시 서북구 불당동 502-8,36.79965544,127.1028577,2022-07-05
922,서북H-34(불당동 502-8),충청남도 천안시 서북구 불당동 502-8,36.79964649,127.1027792,2022-07-05
923,서북H-35(불당동 1294),충청남도 천안시 서북구 불당동 1294,36.8004456,127.100881,2022-07-05
924,서북H-36(공원로 196),충청남도 천안시 서북구 불당동 1289-4,36.7980382,127.1006662,2022-07-05
925,서북H-37(불당동 1280),충청남도 천안시 서북구 불당동 1280,36.79795021,127.1000626,2022-07-05
926,서북H-38(불당동 1280),충청남도 천안시 서북구 불당동 1280,36.79748601,127.1002132,2022-07-05
927,서북H-39(불당동 1287),충청남도 천안시 서북구 불당동 1287,36.79583569,127.0990542,2022-07-05
928,서북H-40(불당동 1284),충청남도 천안시 서북구 불당동 1287,36.79579471,127.0995696,2022-07-05
929,서북H-41(불당동 1288),충청남도 천안시 서북구 불당동 1288,36.79560915,127.0978606,2022-07-05
930,서북H-42(불당16길 31),충청남도 천안시 서북구 불당동 1430,36.80081814,127.1076495,2022-07-05
931,서북H-43(불당15길 10-1),충청남도 천안시 서북구 불당동 1408,36.7992016,127.1065828,2022-07-05
932,서북H-44(쌍용동 519-10),충청남도 천안시 서북구 쌍용동 527-13,36.7870035,127.1177636,2022-07-05
933,서북H-45(불당동 1310),충청남도 천안시 서북구 불당동 1310,36.80141436,127.1059975,2022-07-05
934,서북H-46(불당동 1294),충청남도 천안시 서북구 불당동 1294,36.80034242,127.1003598,2022-07-05
935,서북H-47(불당동 1447),충청남도 천안시 서북구 불당동 1447,36.80084641,127.1011056,2022-07-05
936,서북H-48(불당동 1290),충청남도 천안시 서북구 불당동 1290,36.79631881,127.1005282,2022-07-05
937,서북H-49(불당동 1287),충청남도 천안시 서북구 불당동 1287,36.79482504,127.0980389,2022-07-05
938,서북H-50(광장로 210),충청남도 천안시 서북구 불당동 1442,36.79737552,127.1080593,2022-07-05
939,서북도림교차로LP-1,충청남도 천안시 서북구 입장면 도림리 320,36.91595864,127.252122,2022-07-05
940,서북도림교차로LP-2,충청남도 천안시 서북구 입장면 도림리 314-2,36.91676777,127.2529944,2022-07-05
941,서북독정교차로-1,충청남도 천안시 서북구 입장면 유리 24-11,36.92633451,127.2253205,2022-07-05
942,서북북천안자이앞,충청남도 천안시 서북구 성거읍 송남리 60-3,36.86482838,127.198533,2022-07-05
943,서북유리교차로-1,충청남도 천안시 서북구 입장면 유리 332-3,36.92486615,127.2103497,2022-07-05
944,서북유리교차로-2,충청남도 천안시 서북구 입장면 유리 327-3,36.92628847,127.2085915,2022-07-05
945,서북입장교차로LP-1,충청남도 천안시 서북구 입장면 독정리 144,36.92307111,127.235364,2022-07-05
946,서북입장교차로LP-2,충청남도 천안시 서북구 입장면 독정리 146-2,36.92271807,127.2361738,2022-07-05
947,서북입장교차로LP-3,충청남도 천안시 서북구 입장면 독정리 131-23,36.92203396,127.2358126,2022-07-05
948,서북입장교차로LP-4,충청남도 천안시 서북구 입장면 독정리 135-6,36.92236007,127.2349438,2022-07-05
949,서북판정교차로-1,충청남도 천안시 서북구 직산읍 판정리 43-1,36.91073752,127.182813,2022-07-05
950,서북판정교차로-2,충청남도 천안시 서북구 직산읍 판정리 40-15,36.91093993,127.1800867,2022-07-05
951,신부힐스테이트1(단대로 33),충청남도 천안시 동남구 신부동 296-7,36.82659519,127.1557501,2022-07-05
952,신부힐스테이트2(단대로 65),충청남도 천안시 동남구 신부동 289-16,36.8283892,127.1585505,2022-07-05
953,신부힐스테이트3(신부동 245),충청남도 천안시 동남구 신부동 245,36.82902699,127.1583528,2022-07-05
954,쌍용동도시계획도로,충청남도 천안시 서북구 쌍용동 411-1,36.79500887,127.1232212,2022-07-05
955,쌍용역 푸르지오,충청남도 천안시 서북구 쌍용동 450-2,36.79108754,127.1180275,2022-07-05
956,어룡고가교(어룡2길57),충청남도 천안시 서북구 성환읍 어룡리 250-1,36.94005462,127.1233421,2022-07-05
957,율금회전교차로,충청남도 천안시 서북구 성환읍 율금리 16-10,36.90556723,127.1146326,2022-07-05
958,타사-서북-쌍용고1,충청남도 천안시 서북구 쌍용동 502-23,36.78902134,127.1138034,2022-07-05
959,타사-서북-쌍용고3,충청남도 아산시 배방읍 장재리 82-11,36.78852471,127.1125114,2022-07-05
960,타사-서북C-13,충청남도 천안시 서북구 성성동 412,36.83954371,127.121269,2022-07-05
961,타사-서북C-14,충청남도 천안시 서북구 성성동 176-17,36.83952516,127.1261121,2022-07-05
962,타사-서북C-15,충청남도 천안시 서북구 성성동 1-70,36.83937882,127.1322443,2022-07-05
963,타사-서북C-16,충청남도 천안시 서북구 성성동 1-73,36.83933244,127.1334325,2022-07-05
964,타사-서북C-17(성성1길39),충청남도 천안시 서북구 성성동 1-72,36.8394446,127.137805,2022-07-05
965,타사-서북C-18(성성1길39),충청남도 천안시 서북구 성성동 1-72,36.83944432,127.138046,2022-07-05
966,타사-서북C-19(삼성대로219),충청남도 천안시 서북구 부대동 184-3,36.83920752,127.1439594,2022-07-05
967,타사-서북C-21(삼성대로239),충청남도 천안시 서북구 부대동 184-3,36.83918252,127.1459885,2022-07-05
968,타사-서북D-02,충청남도 천안시 서북구 백석동 1145,36.83906602,127.1213692,2022-07-05
969,타사-서북D-03,충청남도 천안시 서북구 성성동 176-18,36.83895666,127.1268623,2022-07-05
970,타사-서북D-04,충청남도 천안시 서북구 성성동 194-10,36.83897043,127.1266269,2022-07-05
971,타사-서북D-31,충청남도 천안시 서북구 백석동 658-33,36.82752129,127.1138295,2022-07-05
972,타사-서북D-32(백석동 1132),충청남도 천안시 서북구 백석동 1132,36.83196645,127.115697,2022-07-05
973,타사-서북E-01(삼성대로134),충청남도 천안시 서북구 두정동 1069,36.83886322,127.1340035,2022-07-05
974,타사-서북E-03(삼성대로216),충청남도 천안시 서북구 두정동 1594,36.83876726,127.1428991,2022-07-05
975,타사-서북E-04(삼성대로240),충청남도 천안시 서북구 두정동 1595,36.83871384,127.1460773,2022-07-05
976,한들문화센터L(백석동 1187),충청남도 천안시 서북구 백석동 1187,36.8293302,127.1040632,2022-07-05
977,한들문화센터R(백석동 582-21),충청남도 천안시 서북구 백석동 582-21,36.82925151,127.1038837,2022-07-05
978,동남D-64,충청남도 천안시 동남구 구룡동 674-1,36.76901225,127.147401,2022-07-05
979,동남D-65,충청남도 천안시 동남구 구룡동 266-6,36.76914557,127.1471419,2022-07-05
980,동남D-66,충청남도 천안시 동남구 구룡동 133-11,36.76720498,127.1542985,2022-07-05
981,동남D-67,충청남도 천안시 동남구 구룡동 132-7,36.76722995,127.154007,2022-07-05
982,동남D-71,충청남도 천안시 동남구 청당동 65-12,36.77620354,127.158804,2022-07-05
983,동남D-72,충청남도 천안시 동남구 청당동 65-13,36.77624543,127.1583554,2022-07-05
984,동면교차로,충청남도 천안시 동남구 동면 화계리 189-2,36.77475911,127.3434223,2022-07-05
985,송연교차로1,충청남도 천안시 동남구 동면 송연리 404,36.77393798,127.3481567,2022-07-05
986,송연교차로2,충청남도 천안시 동남구 동면 송연리 404,36.77393798,127.3481567,2022-07-05
987,동남D-69,충청남도 천안시 동남구 다가동 23-7,36.79469928,127.1479124,2022-07-05
988,동남D-70,충청남도 천안시 동남구 다가동 23-8,36.79470773,127.1478339,2022-07-05
989,동남C-43,충청남도 천안시 동남구 문화동 30-5,36.81019567,127.1524481,2022-07-05
990,서북C-62,충청남도 천안시 서북구 업성동 378-8,36.85329804,127.1373507,2022-07-05
991,서북C-63,충청남도 천안시 서북구 업성동 378-13,36.85294232,127.1380051,2022-07-05
992,서북C-61,충청남도 천안시 서북구 업성동 155-1,36.85974397,127.1389605,2022-07-05
993,서북B-30,충청남도 천안시 서북구 군동리 54-10,36.89266287,127.1629153,2022-07-05
994,서북B-29,충청남도 천안시 서북구 군동리 52-2,36.89331544,127.1634467,2022-07-05
995,(미)서북B-32(함없음),충청남도 천안시 서북구 직산읍 삼은리 238-5,36.87538351,127.1466686,2022-07-05
996,(미)서북B-33(함없음),충청남도 천안시 서북구 직산읍 삼은리 255-10,36.87545527,127.1469324,2022-07-05
997,(미)서북B-34(함없음),충청남도 천안시 서북구 직산읍 삼은리 217-9,36.87789808,127.1462584,2022-07-05
998,(미)서북B-35(함없음),충청남도 천안시 서북구 직산읍 삼은리 241-15,36.8779338,127.1465221,2022-07-05
999,(미)서북G-55,충청남도 천안시 서북구 와촌동 106-70,36.81034913,127.144292,2022-07-05
1000,(미)충남테크노파크-1,충청남도 천안시 서북구 직산읍 삼은리 515,36.88612752,127.1590875,2022-07-05
1001,(미)충남테크노파크-2,충청남도 천안시 서북구 직산읍 삼은리 515,36.88509005,127.1583696,2022-07-05
1002,(육교)시민문화여성회관육교조명,충청남도 천안시 서북구 성환읍 성월리 96-9,36.91287569,127.1354907,2022-07-05
1003,두정동 효성해링턴진입로1,충청남도 천안시 서북구 두정동 58-68,36.82948801,127.1466791,2022-07-05
1004,두정동 효성해링턴진입로2,충청남도 천안시 서북구 두정동 61-27,36.83163471,127.1486477,2022-07-05
1005,부성지구LP-P1,충청남도 천안시 서북구 부대동 974,36.84905654,127.1503815,2022-07-05
1006,부성지구LP-P2,충청남도 천안시 서북구 부대동 599,36.84867762,127.1480472,2022-07-05
1007,부성지구LP-P3,충청남도 천안시 서북구 부대동 1011,36.84316577,127.1493259,2022-07-05
1008,부성지구LP01,충청남도 천안시 서북구 부대동 983,36.84660373,127.147321,2022-07-05
1009,부성지구LP02,충청남도 천안시 서북구 부대동 1035,36.84807391,127.1489304,2022-07-05
1010,부성지구LP03,충청남도 천안시 서북구 부대동 969,36.84902137,127.1487907,2022-07-05
1011,부성지구LP04,충청남도 천안시 서북구 부대동 969,36.84908669,127.1487936,2022-07-05
1012,부성지구LP05,충청남도 천안시 서북구 부대동 735,36.84814468,127.1535093,2022-07-05
1013,부성지구LP06,충청남도 천안시 서북구 부대동 984,36.84623434,127.1490796,2022-07-05
1014,부성지구LP07,충청남도 천안시 서북구 부대동 983,36.8471233,127.1515564,2022-07-05
1015,부성지구LP08,충청남도 천안시 서북구 부대동 983,36.8469521,127.1515532,2022-07-05
1016,부성지구LP09,충청남도 천안시 서북구 부대동 989,36.84547041,127.1519427,2022-07-05
1017,부성지구LP10,충청남도 천안시 서북구 부대동 989,36.84538363,127.1519776,2022-07-05
1018,부성지구LP11,충청남도 천안시 서북구 부대동 996,36.84509435,127.1518228,2022-07-05
1019,부성지구LP12,충청남도 천안시 서북구 부대동 1029,36.84378477,127.1479312,2022-07-05
1020,부성지구LP13,충청남도 천안시 서북구 부대동 1016,36.84198906,127.1499346,2022-07-05
1021,부성지구LP14,충청남도 천안시 서북구 부대동 1029,36.84337875,127.151919,2022-07-05
1022,부성지구LP15,충청남도 천안시 서북구 부대동 1029,36.84328642,127.1518907,2022-07-05
1023,부성지구LP16,충청남도 천안시 서북구 부대동 1017,36.84310141,127.1503404,2022-07-05
1024,임시1,충청남도 천안시 서북구 성거읍 소우리 175-5,36.87897295,127.1744201,2022-07-05
