지형지물부호,관리번호,행정읍면동,도엽번호,도로구간번호,대장초기화여부,위도,경도
무인단속카메라,1,대전광역시 유성구 ,36710054,17190,1,36.364138,127.338138
무인단속카메라,2,대전광역시 서구 ,36710066,16628,1,36.348777,127.376944
무인단속카메라,3,대전광역시 서구 ,36710064,31560,1,36.332055,127.341083
무인단속카메라,4,대전광역시 서구 ,36710075,15260,1,36.307683,127.364342
무인단속카메라,5,대전광역시 서구 ,36710075,31728,1,36.312888,127.350083
무인단속카메라,6,대전광역시 유성구 ,36710064,134875,1,36.348807,127.326614
무인단속카메라,7,대전광역시 서구 ,36710055,16402,1,36.353444,127.358251
무인단속카메라,8,대전광역시 유성구 ,36710035,17124,1,36.401416,127.362666
무인단속카메라,9,대전광역시 유성구 ,36710064,31607,1,36.344166,127.346944
무인단속카메라,10,대전광역시 유성구 ,36710091,15489,1,36.273501,127.268416
무인단속카메라,11,대전광역시 유성구 ,36710053,16267,1,36.360388,127.305611
무인단속카메라,12,대전광역시 유성구 ,36710053,45393,1,36.357805,127.303501
무인단속카메라,13,대전광역시 서구 ,36710076,29076,1,36.319267,127.377775
무인단속카메라,14,대전광역시 유성구 ,36710055,44800,1,36.360501,127.350222
무인단속카메라,15,대전광역시 유성구 ,36710043,46887,1,36.395946,127.311841
무인단속카메라,16,대전광역시 유성구 ,36710055,44948,1,36.360194,127.350583
무인단속카메라,17,대전광역시 유성구 ,36710033,45719,1,36.413277,127.300251
무인단속카메라,18,대전광역시 중구 ,36710086,16488,1,36.292666,127.382472
무인단속카메라,19,대전광역시 유성구 ,36710064,33280,1,36.348638,127.335277
무인단속카메라,20,대전광역시 유성구 ,36710064,31573,1,36.332333,127.340861
무인단속카메라,21,대전광역시 서구 ,36710065,29697,1,36.336916,127.366638
무인단속카메라,22,대전광역시 서구 ,36710055,43358,1,36.364833,127.373222
무인단속카메라,23,대전광역시 유성구 ,36710073,105328,1,36.305777,127.319861
무인단속카메라,24,대전광역시 유성구 ,36710064,31574,1,36.346138,127.340111
무인단속카메라,25,대전광역시 유성구 ,36710045,17165,1,36.38953505,127.3743345
무인단속카메라,26,대전광역시 유성구 ,36710064,33280,1,36.348444,127.335222
무인단속카메라,27,대전광역시 유성구 ,36710036,17100,1,36.412383,127.377997
무인단속카메라,28,대전광역시 유성구 ,36710036,17100,1,36.412377,127.378271
무인단속카메라,29,대전광역시 유성구 ,36710036,36260,1,36.408734,127.381648
무인단속카메라,30,대전광역시 서구 ,36710075,33698,1,36.300791,127.367061
무인단속카메라,31,대전광역시 서구 ,36710085,35219,1,36.295226,127.362247
무인단속카메라,32,대전광역시 중구 ,36710086,19403,1,36.294812,127.389663
무인단속카메라,33,대전광역시 서구 ,36714003,17969,1,36.239236,127.318298
무인단속카메라,34,대전광역시 중구 ,36710086,16677,1,36.28312528,127.3761196
무인단속카메라,35,대전광역시 서구 ,36710084,18331,1,36.275985,127.348152
무인단속카메라,36,대전광역시 서구 ,36710055,43268,1,36.357971,127.374101
무인단속카메라,37,대전광역시 유성구 ,36710044,17249,1,36.391711,127.348177
무인단속카메라,38,대전광역시 유성구 ,36710054,17205,1,36.37010818,127.3400463
무인단속카메라,39,대전광역시 유성구 ,36710043,46906,1,36.386864,127.318005
무인단속카메라,40,대전광역시 유성구 ,36710054,44973,1,36.366703,127.332306
무인단속카메라,41,대전광역시 서구 ,36710094,34662,1,36.271301,127.345904
무인단속카메라,42,대전광역시 유성구 ,36710055,43864,1,36.365347,127.364034
무인단속카메라,43,대전광역시 서구 ,36710064,30390,1,36.348662,127.348026
무인단속카메라,44,대전광역시 중구 ,36710086,16513,1,36.298846,127.384867
무인단속카메라,45,대전광역시 중구 ,36710076,22963,1,36.318156,127.391811
무인단속카메라,46,대전광역시 중구 ,36710076,22814,1,36.322192,127.396174
무인단속카메라,47,대전광역시 서구 ,36710075,35169,1,36.302731,127.354181
무인단속카메라,48,대전광역시 서구 ,36710084,34401,1,36.296251,127.334888
무인단속카메라,49,대전광역시 서구 ,36710084,34576,1,36.298803,127.329581
무인단속카메라,50,대전광역시 서구 ,36710066,29158,1,36.330373,127.378328
무인단속카메라,51,대전광역시 서구 ,36710076,33458,1,36.300831,127.378814
무인단속카메라,52,대전광역시 서구 ,36710055,43939,1,36.356072,127.356811
무인단속카메라,53,대전광역시 서구 ,36710055,43173,1,36.368194,127.373251
무인단속카메라,54,대전광역시 서구 ,36710055,43260,1,36.362309,127.374453
무인단속카메라,55,대전광역시 유성구 ,36710054,127781,1,36.361075,127.338492
무인단속카메라,56,대전광역시 유성구 ,36710043,131900,1,36.379718,127.317683
무인단속카메라,57,대전광역시 유성구 ,36710064,31749,1,36.333585,127.338343
무인단속카메라,58,대전광역시 유성구 ,36710045,45775,1,36.382676,127.355025
무인단속카메라,59,대전광역시 서구 ,36710094,34565,1,36.254514,127.340283
무인단속카메라,60,대전광역시 서구 ,36710065,29645,1,36.340824,127.366681
무인단속카메라,61,대전광역시 유성구 ,36710091,15481,1,36.270743,127.273453
무인단속카메라,62,대전광역시 유성구 ,36710083,15547,1,36.284962,127.310634
무인단속카메라,63,대전광역시 유성구 ,36710026,16824,1,36.428509,127.386315
무인단속카메라,64,대전광역시 중구 ,36710066,21202,1,36.326386,127.392645
무인단속카메라,65,대전광역시 서구 ,36710075,15255,1,36.307568,127.364618
무인단속카메라,66,대전광역시 서구 ,36710066,15025,1,36.338381,127.393251
무인단속카메라,67,대전광역시 서구 ,36710056,17020,1,36.358053,127.379654
무인단속카메라,68,대전광역시 서구 ,36710055,16114,1,36.354195,127.364074
무인단속카메라,69,대전광역시 서구 ,36710066,15006,1,36.344433,127.379821
무인단속카메라,70,대전광역시 유성구 ,36710054,44928,1,36.353926,127.341834
무인단속카메라,71,대전광역시 유성구 ,36710053,16268,1,36.360576,127.305354
무인단속카메라,72,대전광역시 유성구 ,36710046,39809,1,36.390542,127.391976
무인단속카메라,73,대전광역시 유성구 ,36710054,47038,1,36.374607,127.325805
무인단속카메라,74,대전광역시 서구 ,36710055,16135,1,36.353243,127.368861
무인단속카메라,75,대전광역시 서구 ,36710075,15423,1,36.305099,127.352966
무인단속카메라,76,대전광역시 서구 ,36710075,29521,1,36.323794,127.370372
무인단속카메라,77,대전광역시 서구 ,36710076,23126,1,36.313061,127.380399
무인단속카메라,78,대전광역시 서구 ,36710084,100198,1,36.293295,127.328161
무인단속카메라,79,대전광역시 서구 ,36710056,42517,1,36.359575,127.379122
무인단속카메라,80,대전광역시 서구 ,36710056,17312,1,36.351229,127.378017
무인단속카메라,81,대전광역시 서구 ,36710055,43183,1,36.358556,127.364155
무인단속카메라,82,대전광역시 유성구 ,36710073,93063,1,36.314691,127.315581
무인단속카메라,83,대전광역시 유성구 ,36710063,92981,1,36.341442,127.319942
무인단속카메라,84,대전광역시 서구 ,36710074,31832,1,36.321041,127.343803
무인단속카메라,85,대전광역시 서구 ,36710084,34470,1,36.299309,127.343223
무인단속카메라,86,대전광역시 중구 ,36710086,16479,1,36.299021,127.385216
무인단속카메라,87,대전광역시 중구 ,36710066,27002,1,36.329911,127.396546
무인단속카메라,88,대전광역시 중구 ,36710076,24646,1,36.321965,127.390414
무인단속카메라,89,대전광역시 중구 ,36710076,63855,1,36.319285,127.392522
무인단속카메라,90,대전광역시 서구 ,36710074,34380,1,36.305522,127.340498
무인단속카메라,91,대전광역시 서구 ,36710066,87007,1,36.329606,127.379036
무인단속카메라,92,대전광역시 서구 ,36710084,34424,1,36.297999,127.344757
무인단속카메라,93,대전광역시 서구 ,36710076,33530,1,36.300706,127.378511
무인단속카메라,94,대전광역시 서구 ,36710055,43896,1,36.354668,127.357729
무인단속카메라,95,대전광역시 서구 ,36710066,9297,1,36.345551,127.390312
무인단속카메라,96,대전광역시 유성구 ,36710043,46807,1,36.391321,127.312029
무인단속카메라,97,대전광역시 유성구 ,36710026,37807,1,36.432878,127.384529
무인단속카메라,98,대전광역시 유성구 ,36710026,37802,1,36.429641,127.382727
무인단속카메라,99,대전광역시 유성구 ,36710064,31916,1,36.340215,127.342951
무인단속카메라,100,대전광역시 유성구 ,36710054,44649,1,36.361295,127.338461
무인단속카메라,101,대전광역시 유성구 ,36710064,31664,1,36.342812,127.335831
무인단속카메라,102,대전광역시 유성구 ,36710064,31711,1,36.342587,127.332698
무인단속카메라,103,대전광역시 유성구 ,36710043,46872,1,36.387771,127.322511
무인단속카메라,104,대전광역시 중구 ,36710076,20328,1,36.323356,127.395483
무인단속카메라,105,대전광역시 중구 ,36710076,20289,1,36.322457,127.388182
무인단속카메라,106,대전광역시 중구 ,36710076,72404,1,36.309585,127.393273
무인단속카메라,107,대전광역시 서구 ,36710076,29226,1,36.315723,127.376327
무인단속카메라,108,대전광역시 서구 ,36710075,33678,1,36.30445463,127.3656953
무인단속카메라,109,대전광역시 서구 ,36710075,33677,1,36.302642,127.366247
무인단속카메라,110,대전광역시 서구 ,36710076,29203,1,36.308314,127.375034
무인단속카메라,111,대전광역시 서구 ,36710066,64860,1,36.331455,127.388671
무인단속카메라,112,대전광역시 서구 ,36710066,65096,1,36.338966,127.386096
무인단속카메라,113,대전광역시 서구 ,36710074,30540,1,36.306438,127.340841
무인단속카메라,114,대전광역시 서구 ,36710076,23289,1,36.323521,127.384722
무인단속카메라,115,대전광역시 중구 ,36710066,21033,1,36.325811,127.386208
무인단속카메라,116,대전광역시 서구 ,36710094,33845,1,36.250548,127.336401
무인단속카메라,117,대전광역시 서구 ,36710075,29803,1,36.312019,127.374219
무인단속카메라,118,대전광역시 서구 ,36710065,29551,1,36.332216,127.371488
무인단속카메라,119,대전광역시 서구 ,36710084,33880,1,36.298138,127.327237
무인단속카메라,120,대전광역시 서구 ,36710084,33966,1,36.29730784,127.3264572
무인단속카메라,121,대전광역시 서구 ,36710084,34576,1,36.299123,127.329555
무인단속카메라,122,대전광역시 서구 ,36710084,33875,1,36.299097,127.329512
무인단속카메라,123,대전광역시 서구 ,36710084,34465,1,36.298682,127.335102
무인단속카메라,124,대전광역시 서구 ,36710074,31721,1,36.309525,127.336909
무인단속카메라,125,대전광역시 서구 ,36710084,34472,1,36.299015,127.343422
무인단속카메라,126,대전광역시 서구 ,36710074,30372,1,36.310261,127.347257
무인단속카메라,127,대전광역시 서구 ,36710084,34356,1,36.295258,127.340723
무인단속카메라,128,대전광역시 서구 ,36710074,34574,1,36.304596,127.344941
무인단속카메라,129,대전광역시 서구 ,36710074,15400,1,36.30382414,127.346446
무인단속카메라,130,대전광역시 서구 ,36710074,32005,1,36.320997,127.344114
무인단속카메라,131,대전광역시 서구 ,36710066,29167,1,36.340643,127.377373
무인단속카메라,132,대전광역시 서구 ,36710055,43153,1,36.359955,127.366945
무인단속카메라,133,대전광역시 서구 ,36710066,134143,1,36.349121,127.380828
무인단속카메라,134,대전광역시 서구 ,36710055,125032,1,36.361061,127.374165
무인단속카메라,135,대전광역시 서구 ,36710055,43906,1,36.355013,127.357879
무인단속카메라,136,대전광역시 서구 ,36710065,29615,1,36.34624372,127.3684438
무인단속카메라,137,대전광역시 서구 ,36710055,43186,1,36.367472,127.374197
무인단속카메라,138,대전광역시 서구 ,36710056,42624,1,36.367221,127.376805
무인단속카메라,139,대전광역시 서구 ,36710056,16934,1,36.367472,127.379809
무인단속카메라,140,대전광역시 서구 ,36710055,43344,1,36.354452,127.369337
무인단속카메라,141,대전광역시 서구 ,36710055,43214,1,36.355683,127.368517
무인단속카메라,142,대전광역시 서구 ,36710066,21181,1,36.345621,127.390269
무인단속카메라,143,대전광역시 유성구 ,36710083,34040,1,36.29937992,127.3158957
무인단속카메라,144,대전광역시 유성구 ,36710073,31162,1,36.314586,127.322822
무인단속카메라,145,대전광역시 유성구 ,36710063,30961,1,36.34263053,127.3038249
무인단속카메라,146,대전광역시 유성구 ,36710064,31712,1,36.342881,127.332414
무인단속카메라,147,대전광역시 유성구 ,36710064,33243,1,36.347151,127.335477
무인단속카메라,148,대전광역시 유성구 ,36710054,43532,1,36.350053,127.344382
무인단속카메라,149,대전광역시 유성구 ,36710064,43532,1,36.349691,127.344082
무인단속카메라,150,대전광역시 유성구 ,36710064,31916,1,36.340072,127.342934
무인단속카메라,151,대전광역시 유성구 ,36710064,31743,1,36.334584,127.338009
무인단속카메라,152,대전광역시 유성구 ,36710026,35813,1,36.439991,127.382008
무인단속카메라,153,대전광역시 유성구 ,36710026,37854,1,36.433616,127.382958
무인단속카메라,154,대전광역시 유성구 ,36710026,35843,1,36.429351,127.383033
무인단속카메라,155,대전광역시 유성구 ,36710036,35977,1,36.422286,127.385447
무인단속카메라,156,대전광역시 유성구 ,36710036,39190,1,36.42326961,127.3881771
무인단속카메라,157,대전광역시 유성구 ,36710036,36002,1,36.421215,127.389454
무인단속카메라,158,대전광역시 유성구 ,36710036,39261,1,36.416251,127.397222
무인단속카메라,159,대전광역시 유성구 ,36710046,17006,1,36.385353,127.378349
무인단속카메라,160,대전광역시 유성구 ,36710046,42817,1,36.385794,127.378827
무인단속카메라,161,대전광역시 유성구 ,36710036,36008,1,36.419402,127.394791
무인단속카메라,162,대전광역시 유성구 ,36710054,44900,1,36.361485,127.347451
무인단속카메라,163,대전광역시 유성구 ,36710054,17203,1,36.360651,127.335917
무인단속카메라,164,대전광역시 유성구 ,36710053,45244,1,36.358625,127.301708
무인단속카메라,165,대전광역시 유성구 ,36710053,45411,1,36.367092,127.312496
무인단속카메라,166,대전광역시 유성구 ,36710053,45172,1,36.369563,127.320221
무인단속카메라,167,대전광역시 유성구 ,36710043,46822,1,36.379834,127.302464
무인단속카메라,168,대전광역시 유성구 ,36710043,46783,1,36.390673,127.312228
무인단속카메라,169,대전광역시 유성구 ,36710043,46800,1,36.393325,127.310994
무인단속카메라,170,대전광역시 유성구 ,36710044,46119,1,36.388946,127.331101
무인단속카메라,171,대전광역시 유성구 ,36710044,45976,1,36.389628,127.348867
무인단속카메라,172,대전광역시 유성구 ,36710043,46852,1,36.379972,127.318236
무인단속카메라,173,대전광역시 유성구 ,36710043,43839,1,36.375852,127.322946
무인단속카메라,174,대전광역시 유성구 ,36710043,43841,1,36.376093,127.322291
무인단속카메라,175,대전광역시 유성구 ,36710054,44890,1,36.369874,127.334619
무인단속카메라,176,대전광역시 유성구 ,36710054,44890,1,36.369934,127.334345
무인단속카메라,177,대전광역시 유성구 ,36710055,45450,1,36.364612,127.352922
무인단속카메라,178,대전광역시 유성구 ,36710043,46794,1,36.388013,127.320553
무인단속카메라,180,대전광역시 유성구 ,36710036,39308,1,36.418651,127.395795
무인단속카메라,181,대전광역시 유성구 ,36710073,34059,1,36.305171,127.317614
무인단속카메라,182,대전광역시 유성구 ,36710063,31394,1,36.334061,127.312437
무인단속카메라,183,대전광역시 유성구 ,36710036,39287,1,36.422027,127.397409
무인단속카메라,184,대전광역시 유성구 ,36710026,37914,1,36.43744005,127.3893726
무인단속카메라,185,대전광역시 서구 ,36710055,16143,1,36.352041,127.369858
무인단속카메라,186,대전광역시 서구 ,36710056,35406,1,36.357528,127.379751
무인단속카메라,187,대전광역시 유성구 ,36710054,44953,1,36.364631,127.337982
무인단속카메라,188,대전광역시 서구 ,36710065,10066,1,36.339406,127.374513
무인단속카메라,189,대전광역시 서구 ,36710094,33820,1,36.254328,127.340691
무인단속카메라,190,대전광역시 서구 ,36710056,47108,1,36.351401,127.382673
무인단속카메라,191,대전광역시 유성구 ,36710083,15592,1,36.29345,127.320338
무인단속카메라,192,대전광역시 유성구 ,36710071,15332,1,36.320149,127.263904
무인단속카메라,193,대전광역시 유성구 ,36710015,46978,1,36.467967,127.362116
무인단속카메라,194,대전광역시 유성구 ,36710054,16341,1,36.35443214,127.3389644
무인단속카메라,195,대전광역시 유성구 ,36710054,44093,1,36.35356345,127.3403001
무인단속카메라,196,대전광역시 유성구 ,36710054,43526,1,36.35164317,127.3442669
무인단속카메라,197,대전광역시 유성구 ,36710054,44296,1,36.35447187,127.3368591
무인단속카메라,198,대전광역시 유성구 ,36710036,39328,1,36.42333547,127.3892709
무인단속카메라,199,대전광역시 유성구 ,36710026,37658,1,36.43582985,127.3871041
무인단속카메라,200,대전광역시 유성구 ,36710054,128127,1,36.36270126,127.3475284
무인단속카메라,201,대전광역시 유성구 ,36710055,44122,1,36.36402622,127.3506892
무인단속카메라,202,대전광역시 유성구 ,36710055,44113,1,36.36384723,127.3527673
무인단속카메라,203,대전광역시 유성구 ,36710054,128124,1,36.36270004,127.3486762
무인단속카메라,204,대전광역시 유성구 ,36710053,43821,1,36.37254338,127.3185044
무인단속카메라,205,대전광역시 유성구 ,36710053,43848,1,36.37367839,127.3184054
무인단속카메라,206,대전광역시 유성구 ,36710055,128093,1,36.36288342,127.3528644
무인단속카메라,207,대전광역시 유성구 ,36710055,128041,1,36.3616422,127.3516601
무인단속카메라,208,대전광역시 유성구 ,36710046,6129,1,36.38571094,127.3803458
무인단속카메라,209,대전광역시 유성구 ,36710073,30846,1,36.31292299,127.3195794
무인단속카메라,210,대전광역시 유성구 ,36710054,127608,1,36.36115731,127.3486667
무인단속카메라,211,대전광역시 유성구 ,36710055,44124,1,36.36074285,127.3502797
무인단속카메라,212,대전광역시 유성구 ,36710054,128071,1,36.36183098,127.3499091
무인단속카메라,213,대전광역시 유성구 ,36710055,128076,1,36.36260826,127.3503149
무인단속카메라,214,대전광역시 유성구 ,36710064,35342,1,36.33305492,127.3336512
무인단속카메라,215,대전광역시 유성구 ,36710054,44647,1,36.36068188,127.3395782
무인단속카메라,216,대전광역시 유성구 ,36710043,46467,1,36.39211895,127.3134704
무인단속카메라,217,대전광역시 유성구 ,36710043,46806,1,36.39172987,127.3120392
무인단속카메라,218,대전광역시 유성구 ,36710036,10729,1,36.4193339,127.3935338
무인단속카메라,219,대전광역시 유성구 ,36710036,10729,1,36.4193339,127.3935338
무인단속카메라,220,대전광역시 유성구 ,36710064,31879,1,36.34598241,127.3391785
무인단속카메라,221,대전광역시 유성구 ,36710064,31835,1,36.34589657,127.3347496
무인단속카메라,222,대전광역시 유성구 ,36710044,45970,1,36.39039961,127.349761
무인단속카메라,223,대전광역시 유성구 ,36710055,43922,1,36.36298692,127.3570199
무인단속카메라,224,대전광역시 유성구 ,36710083,34053,1,36.29998461,127.3202148
무인단속카메라,225,대전광역시 유성구 ,36710064,31756,1,36.33446649,127.3386971
무인단속카메라,226,대전광역시 유성구 ,36710064,33256,1,36.34765435,127.3366134
무인단속카메라,227,대전광역시 유성구 ,36710054,17220,1,36.35895393,127.3331413
무인단속카메라,228,대전광역시 유성구 ,36710054,48112,1,36.35034414,127.3374928
무인단속카메라,229,대전광역시 유성구 ,36710054,128140,1,36.35743212,127.3366195
무인단속카메라,230,대전광역시 유성구 ,36710054,17211,1,36.35949773,127.3349339
무인단속카메라,231,대전광역시 유성구 ,36710053,43800,1,36.37158038,127.3219118
무인단속카메라,232,대전광역시 유성구 ,36710053,43700,1,36.37303882,127.3195121
무인단속카메라,233,대전광역시 유성구 ,36710053,43707,1,36.37445081,127.3195243
무인단속카메라,234,대전광역시 유성구 ,36710043,43465,1,36.37765069,127.3196079
무인단속카메라,235,대전광역시 유성구 ,36710043,43738,1,36.37561558,127.3189966
무인단속카메라,236,대전광역시 유성구 ,36710043,43704,1,36.3757381,127.3208504
무인단속카메라,237,대전광역시 유성구 ,36710054,127026,1,36.36304619,127.3332513
무인단속카메라,238,대전광역시 유성구 ,36710054,43599,1,36.37276516,127.3386151
무인단속카메라,239,대전광역시 유성구 ,36710043,46596,1,36.38796298,127.3086753
무인단속카메라,240,대전광역시 유성구 ,36710043,46415,1,36.38645246,127.3174359
무인단속카메라,241,대전광역시 유성구 ,36710036,39186,1,36.42240542,127.387621
무인단속카메라,242,대전광역시 유성구 ,36710063,30833,1,36.34256961,127.303912
무인단속카메라,243,대전광역시 유성구 ,36710026,37828,1,36.42876115,127.3877049
무인단속카메라,244,대전광역시 유성구 ,36710036,36014,1,36.41970425,127.3936085
무인단속카메라,245,대전광역시 유성구 ,36710063,92986,1,36.34027684,127.3192293
무인단속카메라,246,대전광역시 유성구 ,36710063,92986,1,36.3403861,127.3195652
무인단속카메라,247,대전광역시 유성구 ,36710054,44568,1,36.3571444,127.3445708
무인단속카메라,248,대전광역시 유성구 ,36710054,44779,1,36.35902618,127.3458336
무인단속카메라,249,대전광역시 유성구 ,36710054,44367,1,36.3577903,127.3469787
무인단속카메라,250,대전광역시 유성구 ,36710054,44670,1,36.35873979,127.3499236
무인단속카메라,251,대전광역시 동구 ,36710070,14968,1,36.331783,127.476148
무인단속카메라,252,대전광역시 동구 ,36710079,14179,1,36.302638,127.451166
무인단속카메라,253,대전광역시 중구 ,36710078,24169,1,36.309305,127.442694
무인단속카메라,254,대전광역시 서구 ,36710056,41653,1,36.357666,127.390555
무인단속카메라,255,대전광역시 동구 ,36710058,40579,1,36.351888,127.432361
무인단속카메라,256,대전광역시 대덕구 ,36710067,47613,1,36.34937,127.416967
무인단속카메라,257,대전광역시 중구 ,36710067,21306,1,36.34003221,127.4117714
무인단속카메라,258,대전광역시 중구 ,36710077,22445,1,36.315501,127.407694
무인단속카메라,259,대전광역시 동구 ,36710068,25202,1,36.334916,127.439277
무인단속카메라,260,대전광역시 동구 ,36710068,25078,1,36.336416,127.447251
무인단속카메라,261,대전광역시 대덕구 ,36710026,16868,1,36.441527,127.399944
무인단속카메라,262,대전광역시 대덕구 ,36710048,35765,1,36.379145,127.426453
무인단속카메라,263,대전광역시 동구 ,36710070,15177,1,36.338916,127.489972
무인단속카메라,264,대전광역시 동구 ,36710069,21597,1,36.328305,127.466527
무인단속카메라,265,대전광역시 동구 ,36710068,25282,1,36.344138,127.433916
무인단속카메라,266,대전광역시 중구 ,36710078,24051,1,36.315333,127.433555
무인단속카메라,267,대전광역시 동구 ,36710079,14310,1,36.318361,127.462222
무인단속카메라,268,대전광역시 대덕구 ,36710037,15937,1,36.411111,127.424916
무인단속카메라,269,대전광역시 중구 ,36710077,22156,1,36.310194,127.411388
무인단속카메라,270,대전광역시 동구 ,36710078,14320,1,36.319527,127.449138
무인단속카메라,271,대전광역시 동구 ,36710069,21610,1,36.336388,127.463638
무인단속카메라,272,대전광역시 대덕구 ,36710028,15879,1,36.435527,127.425333
무인단속카메라,273,대전광역시 대덕구 ,36710027,38608,1,36.430111,127.411694
무인단속카메라,274,대전광역시 중구 ,36710066,27187,1,36.327177,127.399356
무인단속카메라,275,대전광역시 대덕구 ,36710057,36818,1,36.359093,127.420193
무인단속카메라,276,대전광역시 대덕구 ,36710057,110713,1,36.374435,127.420458
무인단속카메라,277,대전광역시 동구 ,36710099,14136,1,36.272581,127.472601
무인단속카메라,278,대전광역시 대덕구 ,36710048,40133,1,36.381737,127.426309
무인단속카메라,279,대전광역시 대덕구 ,36710027,16747,1,36.44643197,127.4071322
무인단속카메라,280,대전광역시 서구 ,36710056,41709,1,36.361277,127.396612
무인단속카메라,281,대전광역시 중구 ,36710067,21255,1,36.348769,127.401681
무인단속카메라,282,대전광역시 유성구 ,36710047,40074,1,36.39487953,127.4049775
무인단속카메라,283,대전광역시 동구 ,36710078,20384,1,36.317128,127.444648
무인단속카메라,284,대전광역시 중구 ,36710067,27968,1,36.341041,127.410586
무인단속카메라,285,대전광역시 중구 ,36710067,27715,1,36.337736,127.404605
무인단속카메라,286,대전광역시 중구 ,36710067,21771,1,36.325511,127.411331
무인단속카메라,287,대전광역시 동구 ,36710079,19275,1,36.302514,127.455733
무인단속카메라,288,대전광역시 동구 ,36710068,24960,1,36.3413682,127.4420774
무인단속카메라,289,대전광역시 대덕구 ,36710018,16736,1,36.453131,127.435039
무인단속카메라,290,대전광역시 대덕구 ,36710027,16864,1,36.449568,127.421032
무인단속카메라,291,대전광역시 서구 ,36710056,47458,1,36.351435,127.395335
무인단속카메라,292,대전광역시 동구 ,36710099,14134,1,36.273014,127.469549
무인단속카메라,293,대전광역시 동구 ,36710068,24826,1,36.34806426,127.443996
무인단속카메라,294,대전광역시 유성구 ,36710037,39538,1,36.423331,127.408953
무인단속카메라,295,대전광역시 중구 ,36710077,73367,1,36.323066,127.417499
무인단속카메라,296,대전광역시 대덕구 ,36710057,42096,1,36.357454,127.408465
무인단속카메라,297,대전광역시 중구 ,36710077,22382,1,36.309941,127.410738
무인단속카메라,298,대전광역시 중구 ,36710067,47747,1,36.349058,127.401901
무인단속카메라,299,대전광역시 서구 ,36710056,41711,1,36.357746,127.395156
무인단속카메라,300,대전광역시 동구 ,36710079,20458,1,36.318995,127.456672
무인단속카메라,301,대전광역시 대덕구 ,36710027,15844,1,36.427881,127.420989
무인단속카메라,302,대전광역시 중구 ,36710067,28501,1,36.333706,127.419706
무인단속카메라,303,대전광역시 동구 ,36710068,47347,1,36.349532,127.437829
무인단속카메라,304,대전광역시 대덕구 ,36710027,38831,1,36.42595406,127.4114539
무인단속카메라,305,대전광역시 중구 ,36710076,18991,1,36.305383,127.397549
무인단속카메라,306,대전광역시 중구 ,36710078,14785,1,36.319138,127.431704
무인단속카메라,307,대전광역시 동구 ,36710068,24845,1,36.339113,127.437487
무인단속카메라,308,대전광역시 동구 ,36710068,20767,1,36.345733,127.445941
무인단속카메라,309,대전광역시 동구 ,36710079,70628,1,36.319657,127.461841
무인단속카메라,310,대전광역시 대덕구 ,36710018,16782,1,36.451149,127.428952
무인단속카메라,311,대전광역시 대덕구 ,36710058,40428,1,36.363071,127.430883
무인단속카메라,312,대전광역시 대덕구 ,36710059,41184,1,36.358145,127.451257
무인단속카메라,313,대전광역시 유성구 ,36710027,38612,1,36.427371,127.402409
무인단속카메라,314,대전광역시 중구 ,36710078,24083,1,36.318248,127.434161
무인단속카메라,315,대전광역시 중구 ,36710066,26933,1,36.33013682,127.3968885
무인단속카메라,316,대전광역시 동구 ,36710089,18393,1,36.27907427,127.4687376
무인단속카메라,317,대전광역시 동구 ,36710070,15161,1,36.341446,127.492141
무인단속카메라,318,대전광역시 동구 ,36710068,25566,1,36.34321551,127.4309948
무인단속카메라,319,대전광역시 중구 ,36710066,21587,1,36.330418,127.398381
무인단속카메라,320,대전광역시 중구 ,36710077,22273,1,36.31935079,127.4109191
무인단속카메라,321,대전광역시 중구 ,36710076,72120,1,36.312248,127.398081
무인단속카메라,322,대전광역시 중구 ,36710067,83611,1,36.325258,127.403884
무인단속카메라,323,대전광역시 동구 ,36710068,21651,1,36.326434,127.446027
무인단속카메라,324,대전광역시 대덕구 ,36710058,40239,1,36.365303,127.434322
무인단속카메라,325,대전광역시 대덕구 ,36710028,37432,1,36.448155,127.434697
무인단속카메라,326,대전광역시 중구 ,36710067,83612,1,36.325176,127.403884
무인단속카메라,327,대전광역시 중구 ,36710078,23666,1,36.320638,127.427348
무인단속카메라,328,대전광역시 중구 ,36710078,20164,1,36.320037,127.425744
무인단속카메라,329,대전광역시 동구 ,36710067,28491,1,36.331971,127.424296
무인단속카메라,330,대전광역시 중구 ,36710067,27822,1,36.333469,127.407902
무인단속카메라,331,대전광역시 중구 ,36710067,21764,1,36.333591,127.409077
무인단속카메라,332,대전광역시 중구 ,36710067,21478,1,36.330021,127.416871
무인단속카메라,333,대전광역시 중구 ,36710077,22667,1,36.315775,127.417783
무인단속카메라,334,대전광역시 중구 ,36710077,20121,1,36.306697,127.401502
무인단속카메라,335,대전광역시 중구 ,36710077,22339,1,36.30713072,127.4013897
무인단속카메라,336,대전광역시 중구 ,36710076,24599,1,36.306741,127.397146
무인단속카메라,337,대전광역시 중구 ,36710077,22635,1,36.324152,127.420106
무인단속카메라,338,대전광역시 중구 ,36710076,22822,1,36.322808,127.398327
무인단속카메라,339,대전광역시 중구 ,36710076,23036,1,36.312862,127.399174
무인단속카메라,340,대전광역시 중구 ,36710077,20137,1,36.314902,127.406577
무인단속카메라,341,대전광역시 중구 ,36710077,20541,1,36.315792,127.407875
무인단속카메라,342,대전광역시 중구 ,36710078,23627,1,36.313329,127.431554
무인단속카메라,343,대전광역시 중구 ,36710078,23993,1,36.313467,127.432444
무인단속카메라,344,대전광역시 중구 ,36710067,27507,1,36.325976,127.411813
무인단속카메라,345,대전광역시 중구 ,36710078,67887,1,36.307961,127.444891
무인단속카메라,346,대전광역시 중구 ,36710078,18510,1,36.301674,127.447981
무인단속카메라,347,대전광역시 중구 ,36710097,19951,1,36.271631,127.400907
무인단속카메라,348,대전광역시 중구 ,36710067,21749,1,36.336801,127.405788
무인단속카메라,349,대전광역시 중구 ,36710077,20573,1,36.31927403,127.410953
무인단속카메라,350,대전광역시 동구 ,36710068,22076,1,36.325867,127.440829
무인단속카메라,351,대전광역시 동구 ,36710078,23600,1,36.32436124,127.4408611
무인단속카메라,352,대전광역시 동구 ,36710068,64463,1,36.337333,127.428212
무인단속카메라,353,대전광역시 동구 ,36710068,14895,1,36.33789274,127.4298075
무인단속카메라,354,대전광역시 동구 ,36710069,25884,1,36.327078,127.461788
무인단속카메라,355,대전광역시 동구 ,36714008,17817,1,36.22798392,127.4480677
무인단속카메라,356,대전광역시 동구 ,36710068,21650,1,36.326183,127.446156
무인단속카메라,357,대전광역시 동구 ,36710068,22070,1,36.325068,127.445694
무인단속카메라,358,대전광역시 동구 ,36710069,26018,1,36.329675,127.454556
무인단속카메라,359,대전광역시 동구 ,36710079,23521,1,36.321507,127.459021
무인단속카메라,360,대전광역시 동구 ,36710068,25114,1,36.335777,127.448414
무인단속카메라,361,대전광역시 동구 ,36710059,47385,1,36.35029425,127.4503591
무인단속카메라,362,대전광역시 동구 ,36710058,36422,1,36.355311,127.427595
무인단속카메라,363,대전광역시 동구 ,36710068,24949,1,36.331797,127.444622
무인단속카메라,364,대전광역시 동구 ,36710067,28060,1,36.342631,127.420723
무인단속카메라,365,대전광역시 동구 ,36710068,20764,1,36.343849,127.447878
무인단속카메라,366,대전광역시 동구 ,36710068,25003,1,36.3463633,127.4476915
무인단속카메라,367,대전광역시 동구 ,36710079,66905,1,36.317275,127.460538
무인단속카메라,368,대전광역시 동구 ,36710060,36570,1,36.37322874,127.4754645
무인단속카메라,369,대전광역시 동구 ,36710079,23386,1,36.311297,127.458301
무인단속카메라,370,대전광역시 동구 ,36710067,28146,1,36.340091,127.421946
무인단속카메라,371,대전광역시 동구 ,36710079,20093,1,36.308902,127.459374
무인단속카메라,372,대전광역시 동구 ,36710079,8197,1,36.310774,127.459508
무인단속카메라,373,대전광역시 동구 ,36710078,24118,1,36.315551,127.445035
무인단속카메라,374,대전광역시 동구 ,36710078,23608,1,36.317565,127.442079
무인단속카메라,375,대전광역시 동구 ,36710079,19267,1,36.301583,127.456466
무인단속카메라,376,대전광역시 동구 ,36710068,25134,1,36.342483,127.439874
무인단속카메라,377,대전광역시 대덕구 ,36710058,40322,1,36.365062,127.428603
무인단속카메라,378,대전광역시 대덕구 ,36710057,41916,1,36.356525,127.411979
무인단속카메라,379,대전광역시 대덕구 ,36710067,27777,1,36.348109,127.412762
무인단속카메라,380,대전광역시 대덕구 ,36710067,47773,1,36.348796,127.421565
무인단속카메라,381,대전광역시 대덕구 ,36710018,37244,1,36.453108,127.435411
무인단속카메라,382,대전광역시 대덕구 ,36710018,48301,1,36.454127,127.437304
무인단속카메라,383,대전광역시 대덕구 ,36710027,16867,1,36.449648,127.421694
무인단속카메라,384,대전광역시 대덕구 ,36710027,38178,1,36.432213,127.420557
무인단속카메라,385,대전광역시 대덕구 ,36710058,40243,1,36.365247,127.434558
무인단속카메라,386,대전광역시 대덕구 ,36710058,40350,1,36.368911,127.437964
무인단속카메라,387,대전광역시 대덕구 ,36710058,41100,1,36.365571,127.443903
무인단속카메라,388,대전광역시 대덕구 ,36710058,41100,1,36.365455,127.444021
무인단속카메라,389,대전광역시 대덕구 ,36710058,36409,1,36.369856,127.433227
무인단속카메라,390,대전광역시 대덕구 ,36710057,41979,1,36.364595,127.410301
무인단속카메라,391,대전광역시 대덕구 ,36710058,40461,1,36.366815,127.428003
무인단속카메라,392,대전광역시 대덕구 ,36710058,36413,1,36.368189,127.427847
무인단속카메라,393,대전광역시 대덕구 ,36710047,15718,1,36.397181,127.422756
무인단속카메라,394,대전광역시 대덕구 ,36710038,35656,1,36.413402,127.437836
무인단속카메라,395,대전광역시 대덕구 ,36710028,37411,1,36.446977,127.435679
무인단속카메라,396,대전광역시 대덕구 ,36710058,40815,1,36.361636,127.440705
무인단속카메라,397,대전광역시 대덕구 ,36710027,35925,1,36.445893,127.412896
무인단속카메라,398,대전광역시 대덕구 ,36710059,41190,1,36.361079,127.451166
무인단속카메라,399,대전광역시 대덕구 ,36710059,41190,1,36.361182,127.450469
무인단속카메라,400,대전광역시 대덕구 ,36710017,35794,1,36.451943,127.423904
무인단속카메라,401,대전광역시 대덕구 ,36710057,41863,1,36.352335,127.408481
무인단속카메라,402,대전광역시 서구 ,36710056,36906,1,36.358642,127.395387
무인단속카메라,403,대전광역시 서구 ,36710056,36650,1,36.353467,127.393799
무인단속카메라,404,대전광역시 서구 ,36710056,36983,1,36.353423,127.395044
무인단속카메라,405,대전광역시 서구 ,36710057,41799,1,36.355687,127.400349
무인단속카메라,406,대전광역시 서구 ,36710056,47180,1,36.351358,127.396513
무인단속카메라,407,대전광역시 서구 ,36710056,41631,1,36.362418,127.393327
무인단속카메라,408,대전광역시 유성구 ,36710047,39997,1,36.397772,127.404764
무인단속카메라,409,대전광역시 유성구 ,36710046,39845,1,36.377493,127.393638
무인단속카메라,410,대전광역시 유성구 ,36710047,40011,1,36.399551,127.400441
무인단속카메라,411,대전광역시 유성구 ,36710036,40149,1,36.424573,127.399727
무인단속카메라,412,대전광역시 대덕구 ,36710057,37111,1,36.357381,127.401433
무인단속카메라,413,대전광역시 중구 ,36710077,14549,1,36.322448,127.411861
무인단속카메라,414,대전광역시 동구 ,36710068,21679,1,36.33924232,127.4325192
무인단속카메라,415,대전광역시 대덕구 ,36710037,38831,1,36.42473298,127.4133721
무인단속카메라,416,대전광역시 유성구 ,36710047,11077,1,36.39408822,127.4075525
무인단속카메라,417,대전광역시 유성구 ,36710047,35755,1,36.39944412,127.406241
무인단속카메라,418,대전광역시 유성구 ,36710047,39992,1,36.3997272,127.4048698
무인단속카메라,419,대전광역시 유성구 ,36710046,39844,1,36.37718432,127.3938382
무인단속카메라,420,대전광역시 유성구 ,36710037,11147,1,36.40165958,127.4064842
무인단속카메라,421,대전광역시 유성구 ,36710046,117625,1,36.39640211,127.3987579
무인단속카메라,422,대전광역시 유성구 ,36710036,40149,1,36.42465354,127.3992612
무인단속카메라,423,대전광역시 유성구 ,36710036,40149,1,36.42465354,127.3992612
무인단속카메라,424,대전광역시 동구 ,36710068,14932,1,36.32904442,127.4341495
무인단속카메라,425,대전광역시 동구 ,36710068,78109,1,36.33246649,127.4318499
무인단속카메라,426,대전광역시 동구 ,36710068,25707,1,36.32626128,127.4339045
무인단속카메라,427,대전광역시 동구 ,36710058,110220,1,36.35225456,127.4362951
무인단속카메라,428,대전광역시 동구 ,36710058,47392,1,36.35002077,127.4326146
무인단속카메라,429,대전광역시 동구 ,36710079,70338,1,36.30724861,127.4568595
무인단속카메라,430,대전광역시 동구 ,36710069,26017,1,36.32970045,127.4546785
무인단속카메라,431,대전광역시 동구 ,36710068,14925,1,36.33033141,127.433475
무인단속카메라,432,대전광역시 동구 ,36710068,25336,1,36.32907155,127.4306595
무인단속카메라,433,대전광역시 동구 ,36710068,20721,1,36.32696405,127.4352898
무인단속카메라,434,대전광역시 동구 ,36710068,25740,1,36.3344331,127.4282517
무인단속카메라,435,대전광역시 동구 ,36710069,79575,1,36.32750939,127.4614417
무인단속카메라,436,대전광역시 동구 ,36710079,19204,1,36.30597483,127.4553684
무인단속카메라,437,대전광역시 동구 ,36710068,20804,1,36.32870678,127.4328493
무인단속카메라,438,대전광역시 동구 ,36710068,25760,1,36.33019947,127.4306334
무인단속카메라,439,대전광역시 동구 ,36710068,25503,1,36.32761509,127.4318788
무인단속카메라,440,대전광역시 동구 ,36710068,24907,1,36.3299335,127.4429475
무인단속카메라,441,대전광역시 동구 ,36710069,133453,1,36.34940455,127.4510158
무인단속카메라,442,대전광역시 동구 ,36710068,47666,1,36.34950488,127.4370867
무인단속카메라,443,대전광역시 동구 ,36710058,47089,1,36.35014804,127.4386406
무인단속카메라,444,대전광역시 동구 ,36710058,47274,1,36.35100068,127.4371006
무인단속카메라,445,대전광역시 동구 ,36710079,23330,1,36.31641768,127.4607726
무인단속카메라,446,대전광역시 동구 ,36710068,25496,1,36.32773766,127.4331403
무인단속카메라,447,대전광역시 동구 ,36710068,14457,1,36.34149309,127.4252212
무인단속카메라,448,대전광역시 동구 ,36710068,76513,1,36.33130471,127.4312541
무인단속카메라,449,대전광역시 동구 ,36710068,25252,1,36.33090341,127.4289212
무인단속카메라,450,대전광역시 동구 ,36710068,22076,1,36.32606546,127.440488
무인단속카메라,451,대전광역시 동구 ,36710079,2026,1,36.31941789,127.456359
무인단속카메라,452,대전광역시 동구 ,36710068,25577,1,36.33222182,127.4304279
무인단속카메라,453,대전광역시 동구 ,36710079,20458,1,36.31957326,127.4574117
무인단속카메라,454,대전광역시 동구 ,36710079,70156,1,36.31927535,127.462138
무인단속카메라,455,대전광역시 동구 ,36710068,79802,1,36.33772328,127.4497941
무인단속카메라,456,대전광역시 동구 ,36710059,120166,1,36.35209307,127.4500735
무인단속카메라,457,대전광역시 동구 ,36710058,110319,1,36.35578,127.4292073
무인단속카메라,458,대전광역시 동구 ,36710059,110407,1,36.37348883,127.47272
무인단속카메라,459,대전광역시 동구 ,36710067,21418,1,36.34263,127.4191
무인단속카메라,460,대전광역시 동구 ,36710067,85120,1,36.34048991,127.42233
무인단속카메라,461,대전광역시 동구 ,36710078,20377,1,36.3155,127.44453
무인단속카메라,462,대전광역시 동구 ,36710079,23513,1,36.3159449,127.4564345
무인단속카메라,463,대전광역시 동구 ,36710057,47191,1,36.351095,127.423702
무인단속카메라,464,대전광역시 대덕구 ,36710057,41726,1,36.355868,127.406405
무인단속카메라,465,대전광역시 대덕구 ,36710058,110342,1,36.355256,127.445646
무인단속카메라,466,대전광역시 대덕구 ,36710067,15091,1,36.348061,127.416064
무인단속카메라,467,대전광역시 대덕구 ,36710057,41906,1,36.35766135,127.4081517
무인단속카메라,468,대전광역시 대덕구 ,36710057,41742,1,36.356969,127.406525
무인단속카메라,469,대전광역시 대덕구 ,36710058,40592,1,36.367635,127.431824
무인단속카메라,470,대전광역시 대덕구 ,36710028,15690,1,36.44972,127.429138
무인단속카메라,471,대전광역시 대덕구 ,36710018,16866,1,36.450401,127.425059
무인단속카메라,472,대전광역시 대덕구 ,36710058,40470,1,36.365259,127.439816
무인단속카메라,473,대전광역시 대덕구 ,36710017,35792,1,36.452246,127.423952
무인단속카메라,474,대전광역시 대덕구 ,36710018,15790,1,36.451354,127.428772
무인단속카메라,475,대전광역시 동구 ,36710058,47134,1,36.350951,127.426223
무인단속카메라,476,대전광역시 동구 ,36710058,40897,1,36.354121,127.449109
무인단속카메라,477,대전광역시 대덕구 ,36710058,40320,1,36.361641,127.432516
무인단속카메라,478,대전광역시 대덕구 ,36710018,37236,1,36.451188,127.435115
무인단속카메라,479,대전광역시 대덕구 ,36710058,36467,1,36.366118,127.437506
무인단속카메라,480,대전광역시 대덕구 ,36710028,15826,1,36.447303,127.429566
무인단속카메라,481,대전광역시 대덕구 ,36710058,42420,1,36.360835,127.426171
무인단속카메라,482,대전광역시 대덕구 ,36710027,38097,1,36.446897,127.421954
무인단속카메라,483,대전광역시 대덕구 ,36710057,42236,1,36.370204,127.423866
무인단속카메라,484,대전광역시 대덕구 ,36710058,40360,1,36.366903,127.438633
무인단속카메라,485,대전광역시 대덕구 ,36710058,36441,1,36.360772,127.427328
무인단속카메라,486,대전광역시 대덕구 ,36710058,40569,1,36.361041,127.429012
무인단속카메라,487,대전광역시 대덕구 ,36710057,41916,1,36.356694,127.411642
무인단속카메라,488,대전광역시 대덕구 ,36710027,16832,1,36.448875,127.419125
무인단속카메라,489,대전광역시 대덕구 ,36710058,13807,1,36.359021,127.447214
무인단속카메라,490,대전광역시 대덕구 ,36710057,42028,1,36.360054,127.414291
무인단속카메라,491,대전광역시 대덕구 ,36710058,118869,1,36.364922,127.427494
무인단속카메라,492,대전광역시 대덕구 ,36710059,41265,1,36.354641,127.455832
무인단속카메라,493,대전광역시 대덕구 ,36710058,40986,1,36.36479,127.445185
무인단속카메라,494,대전광역시 대덕구 ,36710027,38290,1,36.446342,127.404767
무인단속카메라,495,대전광역시 대덕구 ,36710058,40541,1,36.369898,127.433084
무인단속카메라,496,대전광역시 대덕구 ,36710027,35610,1,36.432389,127.419751
무인단속카메라,497,대전광역시 대덕구 ,36710027,35584,1,36.445875,127.412875
무인단속카메라,498,대전광역시 대덕구 ,36710057,37165,1,36.36016,127.417332
무인단속카메라,499,대전광역시 대덕구 ,36710057,121307,1,36.363781,127.410583
무인단속카메라,500,대전광역시 대덕구 ,36710059,41182,1,36.359991,127.452389
무인단속카메라,501,대전광역시 대덕구 ,36710028,37411,1,36.447118,127.435611
무인단속카메라,502,대전광역시 대덕구 ,36710067,27777,1,36.348092,127.412637
무인단속카메라,503,대전광역시 대덕구 ,36710059,41190,1,36.361079,127.451294
무인단속카메라,504,대전광역시 대덕구 ,36710058,36413,1,36.368148,127.427669
무인단속카메라,505,대전광역시 대덕구 ,36710058,41036,1,36.36088,127.446275
무인단속카메라,506,대전광역시 대덕구 ,36710018,16776,1,36.45247375,127.4332667
무인단속카메라,507,대전광역시 서구 ,36710056,47178,1,36.351224,127.3955077
