순번,기준년,기준월,행정동코드,행정동명,성별코드,성별,유동인구수,시간당 평균 유동인구수,데이터생성일자
1,2021,01월,3017051000,복수동,m,남성,1760282.7,391069.26,2022-11-15
2,2021,02월,3017051000,복수동,m,남성,1628640.03,362881.52,2022-11-15
3,2021,09월,3017051000,복수동,f,여성,2160969.19,477957.46,2022-11-15
4,2021,07월,3017051000,복수동,m,남성,1936430.77,431548.79,2022-11-15
5,2021,01월,3017051000,복수동,f,여성,1794915.81,397894.64,2022-11-15
6,2021,06월,3017051000,복수동,f,여성,2040956.67,454675.82,2022-11-15
7,2021,03월,3017051000,복수동,f,여성,2195362.21,481230.54,2022-11-15
8,2021,11월,3017051000,복수동,f,여성,2135743.92,472695.74,2022-11-15
9,2021,07월,3017051000,복수동,f,여성,1998336.83,447555.46,2022-11-15
10,2021,03월,3017051000,복수동,m,남성,2024299.02,446673.35,2022-11-15
11,2021,12월,3017051000,복수동,f,여성,2110887.08,467469.95,2022-11-15
12,2021,06월,3017051000,복수동,m,남성,1970896.98,436802.49,2022-11-15
13,2021,09월,3017051000,복수동,m,남성,2139631.89,470747.88,2022-11-15
14,2021,05월,3017051000,복수동,m,남성,2056340.56,453451.77,2022-11-15
15,2021,08월,3017051000,복수동,m,남성,1910636.8,426891.28,2022-11-15
16,2021,10월,3017051000,복수동,f,여성,2197083.71,487206.81,2022-11-15
17,2021,08월,3017051000,복수동,f,여성,1990330.86,445379.49,2022-11-15
18,2021,05월,3017051000,복수동,f,여성,2112852.2,467773.26,2022-11-15
19,2021,12월,3017051000,복수동,m,남성,2015488.15,447090.82,2022-11-15
20,2021,02월,3017051000,복수동,f,여성,1649258.12,366263.35,2022-11-15
21,2021,11월,3017051000,복수동,m,남성,2004216.34,443594.14,2022-11-15
22,2021,04월,3017051000,복수동,f,여성,2079337.5,460102.84,2022-11-15
23,2021,10월,3017051000,복수동,m,남성,2102965.93,465502.85,2022-11-15
24,2021,04월,3017051000,복수동,m,남성,1934933.31,430317.47,2022-11-15
25,2021,01월,3017052000,도마1동,f,여성,1605432.04,345712.32,2022-11-15
26,2021,01월,3017052000,도마1동,m,남성,1783180.85,386533.81,2022-11-15
27,2021,08월,3017052000,도마1동,m,남성,1872778.43,409715.09,2022-11-15
28,2021,10월,3017052000,도마1동,f,여성,1838854.84,397502.81,2022-11-15
29,2021,11월,3017052000,도마1동,f,여성,1816367.7,391587.49,2022-11-15
30,2021,03월,3017052000,도마1동,m,남성,1997972.2,434256.48,2022-11-15
31,2021,12월,3017052000,도마1동,f,여성,1834803.73,395372.67,2022-11-15
32,2021,07월,3017052000,도마1동,f,여성,1736830.41,376789.13,2022-11-15
33,2021,11월,3017052000,도마1동,m,남성,1907668.16,416909.34,2022-11-15
34,2021,04월,3017052000,도마1동,f,여성,1716464.91,371989.39,2022-11-15
35,2021,04월,3017052000,도마1동,m,남성,1868000.98,409492.54,2022-11-15
36,2021,08월,3017052000,도마1동,f,여성,1702526.53,369993.3,2022-11-15
37,2021,09월,3017052000,도마1동,m,남성,1952456.58,425587.54,2022-11-15
38,2021,12월,3017052000,도마1동,m,남성,1923227.05,419449.74,2022-11-15
39,2021,05월,3017052000,도마1동,m,남성,1909573.52,418321.03,2022-11-15
40,2021,06월,3017052000,도마1동,f,여성,1720755.32,372915.46,2022-11-15
41,2021,06월,3017052000,도마1동,m,남성,1839514.89,402977.29,2022-11-15
42,2021,07월,3017052000,도마1동,m,남성,1861381.12,407594.3,2022-11-15
43,2021,02월,3017052000,도마1동,m,남성,1680332.97,363829.57,2022-11-15
44,2021,09월,3017052000,도마1동,f,여성,1807331.85,389634.98,2022-11-15
45,2021,05월,3017052000,도마1동,f,여성,1758126.72,381753.15,2022-11-15
46,2021,10월,3017052000,도마1동,m,남성,1963932.68,429355.37,2022-11-15
47,2021,02월,3017052000,도마1동,f,여성,1503429.04,323279.16,2022-11-15
48,2021,03월,3017052000,도마1동,f,여성,1776727.24,383444.21,2022-11-15
49,2021,10월,3017053000,도마2동,f,여성,1939923.15,419834.02,2022-11-15
50,2021,08월,3017053000,도마2동,f,여성,1754126.95,383628.87,2022-11-15
51,2021,06월,3017053000,도마2동,m,남성,1841982.26,403034.34,2022-11-15
52,2021,07월,3017053000,도마2동,f,여성,1786727.85,389191.96,2022-11-15
53,2021,09월,3017053000,도마2동,m,남성,1967506.32,428029.74,2022-11-15
54,2021,05월,3017053000,도마2동,m,남성,1923079.38,421097.7,2022-11-15
55,2021,03월,3017053000,도마2동,f,여성,1845462.56,398868.13,2022-11-15
56,2021,11월,3017053000,도마2동,m,남성,1934546.28,420509.51,2022-11-15
57,2021,12월,3017053000,도마2동,m,남성,1946040.76,423438.54,2022-11-15
58,2021,09월,3017053000,도마2동,f,여성,1928457.29,416324.05,2022-11-15
59,2021,03월,3017053000,도마2동,m,남성,1955804.14,425830.07,2022-11-15
60,2021,04월,3017053000,도마2동,m,남성,1872396.56,409464.54,2022-11-15
61,2021,07월,3017053000,도마2동,m,남성,1826221.6,401241.53,2022-11-15
62,2021,08월,3017053000,도마2동,m,남성,1823905.66,401338.25,2022-11-15
63,2021,02월,3017053000,도마2동,m,남성,1589639.47,347273.51,2022-11-15
64,2021,11월,3017053000,도마2동,f,여성,1918675.52,412286.48,2022-11-15
65,2021,05월,3017053000,도마2동,f,여성,1877155.74,407314.52,2022-11-15
66,2021,10월,3017053000,도마2동,m,남성,1987750.77,432993.78,2022-11-15
67,2021,02월,3017053000,도마2동,f,여성,1484796.55,322797.71,2022-11-15
68,2021,01월,3017053000,도마2동,f,여성,1601561.53,348769.64,2022-11-15
69,2021,12월,3017053000,도마2동,f,여성,1936575.03,417464.47,2022-11-15
70,2021,06월,3017053000,도마2동,f,여성,1845232.4,399523.14,2022-11-15
71,2021,01월,3017053000,도마2동,m,남성,1725995.48,378531.12,2022-11-15
72,2021,04월,3017053000,도마2동,f,여성,1805028.7,391364.52,2022-11-15
73,2021,12월,3017053500,정림동,f,여성,1256778.82,278133.62,2022-11-15
74,2021,06월,3017053500,정림동,m,남성,1112222.42,250228.24,2022-11-15
75,2021,02월,3017053500,정림동,f,여성,1024794.44,225945.96,2022-11-15
76,2021,04월,3017053500,정림동,m,남성,1091443.95,244566.43,2022-11-15
77,2021,04월,3017053500,정림동,f,여성,1167320.73,260341.84,2022-11-15
78,2021,09월,3017053500,정림동,m,남성,1165174.66,260880.12,2022-11-15
79,2021,10월,3017053500,정림동,f,여성,1263888.48,281358.69,2022-11-15
80,2021,11월,3017053500,정림동,m,남성,1123365.73,251823.79,2022-11-15
81,2021,06월,3017053500,정림동,f,여성,1195102.05,267143.53,2022-11-15
82,2021,02월,3017053500,정림동,m,남성,987086.37,219240.66,2022-11-15
83,2021,01월,3017053500,정림동,m,남성,1068643.16,237292.13,2022-11-15
84,2021,03월,3017053500,정림동,f,여성,1183654.01,262234.47,2022-11-15
85,2021,09월,3017053500,정림동,f,여성,1255264.6,279183.57,2022-11-15
86,2021,08월,3017053500,정림동,m,남성,1174517.78,262695.45,2022-11-15
87,2021,05월,3017053500,정림동,m,남성,1162463.36,259890.89,2022-11-15
88,2021,03월,3017053500,정림동,m,남성,1087303.4,242985.03,2022-11-15
89,2021,07월,3017053500,정림동,m,남성,1173484.49,262657.15,2022-11-15
90,2021,07월,3017053500,정림동,f,여성,1227320.52,273844.34,2022-11-15
91,2021,08월,3017053500,정림동,f,여성,1233315.22,275107.09,2022-11-15
92,2021,11월,3017053500,정림동,f,여성,1235194.82,273774.38,2022-11-15
93,2021,05월,3017053500,정림동,f,여성,1234461.1,275013.63,2022-11-15
94,2021,10월,3017053500,정림동,m,남성,1177370.49,263839.79,2022-11-15
95,2021,12월,3017053500,정림동,m,남성,1163622.27,259833.55,2022-11-15
96,2021,01월,3017053500,정림동,f,여성,1094767.95,242216.6,2022-11-15
97,2021,12월,3017054000,변동,f,여성,1688153.34,373848.53,2022-11-15
98,2021,08월,3017054000,변동,f,여성,1598196.22,356208.45,2022-11-15
99,2021,04월,3017054000,변동,m,남성,1602752.72,358897.31,2022-11-15
100,2021,02월,3017054000,변동,f,여성,1390067.25,307584.33,2022-11-15
101,2021,01월,3017054000,변동,m,남성,1596411.2,353255.01,2022-11-15
102,2021,08월,3017054000,변동,m,남성,1676245.01,373312.91,2022-11-15
103,2021,02월,3017054000,변동,m,남성,1487290.1,328975.58,2022-11-15
104,2021,05월,3017054000,변동,m,남성,1661003.89,370045.58,2022-11-15
105,2021,01월,3017054000,변동,f,여성,1511141.14,334276.58,2022-11-15
106,2021,03월,3017054000,변동,m,남성,1669286.17,371778.43,2022-11-15
107,2021,09월,3017054000,변동,m,남성,1687737.19,375415.56,2022-11-15
108,2021,03월,3017054000,변동,f,여성,1601621.27,355149.08,2022-11-15
109,2021,06월,3017054000,변동,m,남성,1618114.63,361475.13,2022-11-15
110,2021,07월,3017054000,변동,f,여성,1615513.73,359177.29,2022-11-15
111,2021,11월,3017054000,변동,f,여성,1613931.33,358708.26,2022-11-15
112,2021,12월,3017054000,변동,m,남성,1705552.87,378617.04,2022-11-15
113,2021,06월,3017054000,변동,f,여성,1576819.26,351049.09,2022-11-15
114,2021,09월,3017054000,변동,f,여성,1633087.7,363006.68,2022-11-15
115,2021,04월,3017054000,변동,f,여성,1546437.21,344724.41,2022-11-15
116,2021,10월,3017054000,변동,f,여성,1642317.76,365328.53,2022-11-15
117,2021,07월,3017054000,변동,m,남성,1684644.95,375181.45,2022-11-15
118,2021,05월,3017054000,변동,f,여성,1595809.22,355011.52,2022-11-15
119,2021,10월,3017054000,변동,m,남성,1688857.89,376520.01,2022-11-15
120,2021,11월,3017054000,변동,m,남성,1629538.48,363739.65,2022-11-15
121,2021,10월,3017055000,용문동,m,남성,1521303.49,334224.16,2022-11-15
122,2021,12월,3017055000,용문동,f,여성,1583256.66,345461.97,2022-11-15
123,2021,01월,3017055000,용문동,f,여성,1461263.59,317308.61,2022-11-15
124,2021,06월,3017055000,용문동,f,여성,1596033.37,345487.72,2022-11-15
125,2021,01월,3017055000,용문동,m,남성,1453459.57,317894.89,2022-11-15
126,2021,08월,3017055000,용문동,m,남성,1524061.2,335927.5,2022-11-15
127,2021,04월,3017055000,용문동,f,여성,1450703.28,314745.95,2022-11-15
128,2021,07월,3017055000,용문동,m,남성,1538616.97,338493.66,2022-11-15
129,2021,09월,3017055000,용문동,f,여성,1532869.19,335513.61,2022-11-15
130,2021,08월,3017055000,용문동,f,여성,1539441.11,337429.08,2022-11-15
131,2021,02월,3017055000,용문동,m,남성,1313886.46,287743.29,2022-11-15
132,2021,04월,3017055000,용문동,m,남성,1399953.73,307124.98,2022-11-15
133,2021,05월,3017055000,용문동,m,남성,1408501.52,307956.22,2022-11-15
134,2021,10월,3017055000,용문동,f,여성,1549236.01,339223.61,2022-11-15
135,2021,12월,3017055000,용문동,m,남성,1524218.79,333630.53,2022-11-15
136,2021,07월,3017055000,용문동,f,여성,1585607.39,346693.32,2022-11-15
137,2021,05월,3017055000,용문동,f,여성,1446247.24,313446.16,2022-11-15
138,2021,02월,3017055000,용문동,f,여성,1330858.95,288772.09,2022-11-15
139,2021,03월,3017055000,용문동,m,남성,1474202.77,323881.55,2022-11-15
140,2021,11월,3017055000,용문동,f,여성,1525018.44,332832.3,2022-11-15
141,2021,11월,3017055000,용문동,m,남성,1462676.91,321708.83,2022-11-15
142,2021,09월,3017055000,용문동,m,남성,1505102.9,331246.18,2022-11-15
143,2021,03월,3017055000,용문동,f,여성,1522749.11,331573.51,2022-11-15
144,2021,06월,3017055000,용문동,m,남성,1532675.74,334594.44,2022-11-15
145,2021,10월,3017055500,탄방동,f,여성,6383103.49,1353742.51,2022-11-15
146,2021,08월,3017055500,탄방동,m,남성,5576655.88,1206314.36,2022-11-15
147,2021,06월,3017055500,탄방동,f,여성,6279184.88,1333172.23,2022-11-15
148,2021,05월,3017055500,탄방동,m,남성,5664766.04,1223583.49,2022-11-15
149,2021,02월,3017055500,탄방동,m,남성,5034489.85,1083625.64,2022-11-15
150,2021,11월,3017055500,탄방동,f,여성,6257820.17,1329047.06,2022-11-15
151,2021,07월,3017055500,탄방동,f,여성,6481028.36,1374690.85,2022-11-15
152,2021,09월,3017055500,탄방동,m,남성,5383324.44,1168474.64,2022-11-15
153,2021,10월,3017055500,탄방동,m,남성,5606711.9,1214274.98,2022-11-15
154,2021,12월,3017055500,탄방동,m,남성,5687900.35,1230594.54,2022-11-15
155,2021,06월,3017055500,탄방동,m,남성,5497690.24,1192505.41,2022-11-15
156,2021,03월,3017055500,탄방동,m,남성,5705508.03,1234818.53,2022-11-15
157,2021,08월,3017055500,탄방동,f,여성,6330548.41,1343706.36,2022-11-15
158,2021,03월,3017055500,탄방동,f,여성,6406715.74,1357583.42,2022-11-15
159,2021,11월,3017055500,탄방동,m,남성,5442439.77,1181749.62,2022-11-15
160,2021,01월,3017055500,탄방동,m,남성,5537104.56,1187072.09,2022-11-15
161,2021,04월,3017055500,탄방동,f,여성,6124937.02,1302090.44,2022-11-15
162,2021,12월,3017055500,탄방동,f,여성,6522927.34,1379953.97,2022-11-15
163,2021,04월,3017055500,탄방동,m,남성,5475186.01,1188546.51,2022-11-15
164,2021,05월,3017055500,탄방동,f,여성,6349121.14,1347679.41,2022-11-15
165,2021,09월,3017055500,탄방동,f,여성,6113022.75,1300837.8,2022-11-15
166,2021,02월,3017055500,탄방동,f,여성,5652101.02,1189945.89,2022-11-15
167,2021,01월,3017055500,탄방동,f,여성,6107708.99,1284152.14,2022-11-15
168,2021,07월,3017055500,탄방동,m,남성,5711850.81,1234477.43,2022-11-15
169,2021,07월,3017056000,괴정동,f,여성,2957941.91,654610.69,2022-11-15
170,2021,01월,3017056000,괴정동,m,남성,2720911.27,602078.15,2022-11-15
171,2021,08월,3017056000,괴정동,f,여성,2891015.98,639583.51,2022-11-15
172,2021,12월,3017056000,괴정동,f,여성,3070024.89,675820.61,2022-11-15
173,2021,05월,3017056000,괴정동,f,여성,2969874.81,656786.93,2022-11-15
174,2021,06월,3017056000,괴정동,f,여성,2911398.16,643261.78,2022-11-15
175,2021,01월,3017056000,괴정동,f,여성,2680030.42,592112.79,2022-11-15
176,2021,03월,3017056000,괴정동,m,남성,2905421.93,644027.79,2022-11-15
177,2021,12월,3017056000,괴정동,m,남성,2968251.28,657029.48,2022-11-15
178,2021,04월,3017056000,괴정동,m,남성,2803618.95,624258.38,2022-11-15
179,2021,09월,3017056000,괴정동,f,여성,2894532.91,640138.58,2022-11-15
180,2021,09월,3017056000,괴정동,m,남성,2805802.74,623426.41,2022-11-15
181,2021,06월,3017056000,괴정동,m,남성,2858335.38,634780.7,2022-11-15
182,2021,03월,3017056000,괴정동,f,여성,2908704.46,643619.53,2022-11-15
183,2021,10월,3017056000,괴정동,f,여성,2989797.26,662194.13,2022-11-15
184,2021,11월,3017056000,괴정동,f,여성,2946346.2,650806.6,2022-11-15
185,2021,11월,3017056000,괴정동,m,남성,2814733.37,625560.18,2022-11-15
186,2021,07월,3017056000,괴정동,m,남성,2915653.78,647863.99,2022-11-15
187,2021,10월,3017056000,괴정동,m,남성,2884372.89,641590.71,2022-11-15
188,2021,05월,3017056000,괴정동,m,남성,2954866.26,654733.17,2022-11-15
189,2021,08월,3017056000,괴정동,m,남성,2838682.69,630420.17,2022-11-15
190,2021,04월,3017056000,괴정동,f,여성,2816935.13,626347.19,2022-11-15
191,2021,02월,3017056000,괴정동,f,여성,2470184.73,545975.15,2022-11-15
192,2021,02월,3017056000,괴정동,m,남성,2516642.18,558122.2,2022-11-15
193,2021,09월,3017057000,가장동,m,남성,1148971.73,254339.65,2022-11-15
194,2021,09월,3017057000,가장동,f,여성,1233163.02,273145.78,2022-11-15
195,2021,05월,3017057000,가장동,f,여성,1197839.51,264773.06,2022-11-15
196,2021,02월,3017057000,가장동,m,남성,1026547.9,226551.73,2022-11-15
197,2021,04월,3017057000,가장동,m,남성,1075556.85,239615.82,2022-11-15
198,2021,01월,3017057000,가장동,f,여성,1134197.93,250233.94,2022-11-15
199,2021,06월,3017057000,가장동,f,여성,1170789.65,259964.15,2022-11-15
200,2021,11월,3017057000,가장동,m,남성,1100914.46,243938.43,2022-11-15
201,2021,11월,3017057000,가장동,f,여성,1193383.36,265331.83,2022-11-15
202,2021,01월,3017057000,가장동,m,남성,1110738.05,244594.98,2022-11-15
203,2021,10월,3017057000,가장동,f,여성,1220047.61,271817.41,2022-11-15
204,2021,08월,3017057000,가장동,f,여성,1211062.5,269307.29,2022-11-15
205,2021,10월,3017057000,가장동,m,남성,1136173.86,251941.25,2022-11-15
206,2021,05월,3017057000,가장동,m,남성,1131248.64,251217.58,2022-11-15
207,2021,12월,3017057000,가장동,f,여성,1256353.53,278273.72,2022-11-15
208,2021,07월,3017057000,가장동,m,남성,1159867,257325.85,2022-11-15
209,2021,12월,3017057000,가장동,m,남성,1152533.99,255210.48,2022-11-15
210,2021,06월,3017057000,가장동,m,남성,1098177.87,244459.55,2022-11-15
211,2021,08월,3017057000,가장동,m,남성,1150366.58,255392.05,2022-11-15
212,2021,03월,3017057000,가장동,m,남성,1119654.56,248870.07,2022-11-15
213,2021,03월,3017057000,가장동,f,여성,1165467.62,258489.27,2022-11-15
214,2021,02월,3017057000,가장동,f,여성,1062741.96,234418.77,2022-11-15
215,2021,07월,3017057000,가장동,f,여성,1231818.96,272867.56,2022-11-15
216,2021,04월,3017057000,가장동,f,여성,1152822.69,255989.43,2022-11-15
217,2021,10월,3017057500,내동,f,여성,1773745.56,400148.16,2022-11-15
218,2021,04월,3017057500,내동,m,남성,1452037.21,330457.43,2022-11-15
219,2021,07월,3017057500,내동,f,여성,1745588.47,392250.16,2022-11-15
220,2021,11월,3017057500,내동,m,남성,1473960.28,334364.05,2022-11-15
221,2021,08월,3017057500,내동,m,남성,1547860.72,350995.07,2022-11-15
222,2021,03월,3017057500,내동,m,남성,1475429.2,334007.47,2022-11-15
223,2021,01월,3017057500,내동,m,남성,1470314.48,330538.1,2022-11-15
224,2021,01월,3017057500,내동,f,여성,1543826.42,346723.03,2022-11-15
225,2021,03월,3017057500,내동,f,여성,1660354.07,373534.42,2022-11-15
226,2021,05월,3017057500,내동,m,남성,1544522.74,348537.6,2022-11-15
227,2021,11월,3017057500,내동,f,여성,1701602.12,383548.67,2022-11-15
228,2021,09월,3017057500,내동,m,남성,1539215.7,348004.32,2022-11-15
229,2021,07월,3017057500,내동,m,남성,1565466.19,353809.51,2022-11-15
230,2021,12월,3017057500,내동,f,여성,1797052.33,403040.99,2022-11-15
231,2021,09월,3017057500,내동,f,여성,1760540.67,396366.43,2022-11-15
232,2021,05월,3017057500,내동,f,여성,1701077.55,382629.7,2022-11-15
233,2021,02월,3017057500,내동,m,남성,1351878.98,303818.06,2022-11-15
234,2021,10월,3017057500,내동,m,남성,1545128.21,349987.96,2022-11-15
235,2021,04월,3017057500,내동,f,여성,1638138.06,370017.94,2022-11-15
236,2021,08월,3017057500,내동,f,여성,1751936.28,394847.68,2022-11-15
237,2021,02월,3017057500,내동,f,여성,1438051.73,322378.69,2022-11-15
238,2021,06월,3017057500,내동,f,여성,1700607.13,382674.08,2022-11-15
239,2021,06월,3017057500,내동,m,남성,1470370.5,332748.63,2022-11-15
240,2021,12월,3017057500,내동,m,남성,1573073.02,355133.46,2022-11-15
241,2021,12월,3017058100,갈마1동,m,남성,2337218.85,525348.7,2022-11-15
242,2021,09월,3017058100,갈마1동,f,여성,2193551.51,488121.49,2022-11-15
243,2021,10월,3017058100,갈마1동,m,남성,2275361.64,513006.47,2022-11-15
244,2021,11월,3017058100,갈마1동,m,남성,2214552.26,499857.47,2022-11-15
245,2021,03월,3017058100,갈마1동,m,남성,2227127.31,500641.3,2022-11-15
246,2021,02월,3017058100,갈마1동,m,남성,1975915.61,442608.98,2022-11-15
247,2021,05월,3017058100,갈마1동,f,여성,2220658.95,494117.47,2022-11-15
248,2021,11월,3017058100,갈마1동,f,여성,2233186.37,498442.24,2022-11-15
249,2021,01월,3017058100,갈마1동,m,남성,2139659.31,477853.68,2022-11-15
250,2021,04월,3017058100,갈마1동,m,남성,2152136.57,484929.57,2022-11-15
251,2021,07월,3017058100,갈마1동,m,남성,2248247.23,503274.04,2022-11-15
252,2021,08월,3017058100,갈마1동,m,남성,2242865.24,503281.43,2022-11-15
253,2021,06월,3017058100,갈마1동,f,여성,2105095.59,468613.9,2022-11-15
254,2021,08월,3017058100,갈마1동,f,여성,2190173.32,487829.22,2022-11-15
255,2021,01월,3017058100,갈마1동,f,여성,2042489.21,454264.86,2022-11-15
256,2021,05월,3017058100,갈마1동,m,남성,2275640.63,510311.98,2022-11-15
257,2021,09월,3017058100,갈마1동,m,남성,2208072.34,496684.59,2022-11-15
258,2021,06월,3017058100,갈마1동,m,남성,2104947.14,472815.12,2022-11-15
259,2021,03월,3017058100,갈마1동,f,여성,2206647.44,491221.77,2022-11-15
260,2021,12월,3017058100,갈마1동,f,여성,2320746.22,515985.49,2022-11-15
261,2021,02월,3017058100,갈마1동,f,여성,1876378.69,418581.12,2022-11-15
262,2021,04월,3017058100,갈마1동,f,여성,2141979.07,478158.16,2022-11-15
263,2021,07월,3017058100,갈마1동,f,여성,2179862.47,485018.22,2022-11-15
264,2021,10월,3017058100,갈마1동,f,여성,2272826.85,507975.91,2022-11-15
265,2021,03월,3017058200,갈마2동,m,남성,2274628.71,507018.39,2022-11-15
266,2021,05월,3017058200,갈마2동,f,여성,2183800.18,484629.62,2022-11-15
267,2021,12월,3017058200,갈마2동,f,여성,2214557.47,492548.96,2022-11-15
268,2021,04월,3017058200,갈마2동,m,남성,2176974.43,487238.57,2022-11-15
269,2021,02월,3017058200,갈마2동,m,남성,1997906.01,445210.69,2022-11-15
270,2021,10월,3017058200,갈마2동,m,남성,2312585.22,518184.29,2022-11-15
271,2021,08월,3017058200,갈마2동,m,남성,2335693.64,520706.66,2022-11-15
272,2021,04월,3017058200,갈마2동,f,여성,2029690.05,451860.93,2022-11-15
273,2021,10월,3017058200,갈마2동,f,여성,2192411.15,489284.55,2022-11-15
274,2021,09월,3017058200,갈마2동,f,여성,2172339.59,483061.63,2022-11-15
275,2021,01월,3017058200,갈마2동,m,남성,2178019.94,484434.41,2022-11-15
276,2021,06월,3017058200,갈마2동,m,남성,2283430.12,509133.46,2022-11-15
277,2021,03월,3017058200,갈마2동,f,여성,2086936.91,462497.49,2022-11-15
278,2021,07월,3017058200,갈마2동,f,여성,2229684.63,494502.01,2022-11-15
279,2021,02월,3017058200,갈마2동,f,여성,1820035.52,402302.39,2022-11-15
280,2021,12월,3017058200,갈마2동,m,남성,2345623.4,523609.25,2022-11-15
281,2021,01월,3017058200,갈마2동,f,여성,2009042.34,444230.68,2022-11-15
282,2021,06월,3017058200,갈마2동,f,여성,2163622.85,479903,2022-11-15
283,2021,07월,3017058200,갈마2동,m,남성,2373683.69,528857.68,2022-11-15
284,2021,09월,3017058200,갈마2동,m,남성,2301589.8,514269.13,2022-11-15
285,2021,11월,3017058200,갈마2동,f,여성,2127942.75,474242.13,2022-11-15
286,2021,08월,3017058200,갈마2동,f,여성,2197534.4,487476.4,2022-11-15
287,2021,05월,3017058200,갈마2동,m,남성,2327881.74,518890.54,2022-11-15
288,2021,11월,3017058200,갈마2동,m,남성,2216486.47,496850.87,2022-11-15
289,2021,10월,3017058600,월평1동,m,남성,1790181.23,392196.68,2022-11-15
290,2021,10월,3017058600,월평1동,f,여성,1447367.75,318088.28,2022-11-15
291,2021,09월,3017058600,월평1동,f,여성,1341516.97,295242.25,2022-11-15
292,2021,04월,3017058600,월평1동,m,남성,1751077.25,382336.02,2022-11-15
293,2021,07월,3017058600,월평1동,f,여성,1416000.88,310988.66,2022-11-15
294,2021,11월,3017058600,월평1동,f,여성,1441416,315713.32,2022-11-15
295,2021,11월,3017058600,월평1동,m,남성,1796910.23,392642.68,2022-11-15
296,2021,09월,3017058600,월평1동,m,남성,1726263.73,377990.83,2022-11-15
297,2021,02월,3017058600,월평1동,f,여성,1210971.96,263885.73,2022-11-15
298,2021,03월,3017058600,월평1동,m,남성,1793765.51,389064.41,2022-11-15
299,2021,03월,3017058600,월평1동,f,여성,1421261.61,310103.67,2022-11-15
300,2021,01월,3017058600,월평1동,f,여성,1312674.8,286092.04,2022-11-15
301,2021,04월,3017058600,월평1동,f,여성,1377247.82,301579.29,2022-11-15
302,2021,06월,3017058600,월평1동,m,남성,1770120.4,388351.36,2022-11-15
303,2021,08월,3017058600,월평1동,m,남성,1717739.74,375685.78,2022-11-15
304,2021,05월,3017058600,월평1동,m,남성,1834915.4,400315.11,2022-11-15
305,2021,12월,3017058600,월평1동,m,남성,1850948.63,403939.3,2022-11-15
306,2021,06월,3017058600,월평1동,f,여성,1399514.58,306692.07,2022-11-15
307,2021,08월,3017058600,월평1동,f,여성,1353607.37,297418.96,2022-11-15
308,2021,07월,3017058600,월평1동,m,남성,1797091.11,393763.93,2022-11-15
309,2021,12월,3017058600,월평1동,f,여성,1507442.03,330170.91,2022-11-15
310,2021,05월,3017058600,월평1동,f,여성,1437830.16,314147.14,2022-11-15
311,2021,02월,3017058600,월평1동,m,남성,1537135.85,332928.72,2022-11-15
312,2021,01월,3017058600,월평1동,m,남성,1645202.39,357402.26,2022-11-15
313,2021,11월,3017058700,월평2동,f,여성,1846388.1,402850.61,2022-11-15
314,2021,05월,3017058700,월평2동,f,여성,1849290.78,404672.87,2022-11-15
315,2021,08월,3017058700,월평2동,f,여성,1846544.76,403280.76,2022-11-15
316,2021,10월,3017058700,월평2동,f,여성,1885422.44,412219.93,2022-11-15
317,2021,01월,3017058700,월평2동,f,여성,1691884.62,367446.85,2022-11-15
318,2021,06월,3017058700,월평2동,f,여성,1850350.92,405515.45,2022-11-15
319,2021,12월,3017058700,월평2동,f,여성,1889679.34,411324.62,2022-11-15
320,2021,03월,3017058700,월평2동,m,남성,1841090.7,411805.12,2022-11-15
321,2021,09월,3017058700,월평2동,m,남성,1870489.59,415609.75,2022-11-15
322,2021,10월,3017058700,월평2동,m,남성,1907559.74,423679.06,2022-11-15
323,2021,08월,3017058700,월평2동,m,남성,1879077.62,416946.93,2022-11-15
324,2021,01월,3017058700,월평2동,m,남성,1792326.1,397330.73,2022-11-15
325,2021,03월,3017058700,월평2동,f,여성,1777784.09,388611.93,2022-11-15
326,2021,04월,3017058700,월평2동,m,남성,1803635.05,403666.22,2022-11-15
327,2021,02월,3017058700,월평2동,f,여성,1559623.16,338771.1,2022-11-15
328,2021,07월,3017058700,월평2동,f,여성,1893983.71,413295.35,2022-11-15
329,2021,05월,3017058700,월평2동,m,남성,1877712.87,419278.47,2022-11-15
330,2021,11월,3017058700,월평2동,m,남성,1846369.24,411762,2022-11-15
331,2021,04월,3017058700,월평2동,f,여성,1780839.01,389980.83,2022-11-15
332,2021,09월,3017058700,월평2동,f,여성,1829960.55,400456.03,2022-11-15
333,2021,07월,3017058700,월평2동,m,남성,1915400.09,426597.41,2022-11-15
334,2021,12월,3017058700,월평2동,m,남성,1918107.27,425453.02,2022-11-15
335,2021,02월,3017058700,월평2동,m,남성,1652280.02,366829.85,2022-11-15
336,2021,06월,3017058700,월평2동,m,남성,1854586.95,414972.87,2022-11-15
337,2021,09월,3017058800,월평3동,f,여성,1248334.81,282962.1,2022-11-15
338,2021,12월,3017058800,월평3동,f,여성,1291340.72,293057.89,2022-11-15
339,2021,11월,3017058800,월평3동,f,여성,1221177.59,278591.05,2022-11-15
340,2021,02월,3017058800,월평3동,m,남성,1024023.58,232293.35,2022-11-15
341,2021,11월,3017058800,월평3동,m,남성,1122376.07,255193.84,2022-11-15
342,2021,07월,3017058800,월평3동,m,남성,1196937.64,272106.41,2022-11-15
343,2021,10월,3017058800,월평3동,m,남성,1192713.46,270170.94,2022-11-15
344,2021,08월,3017058800,월평3동,m,남성,1204491.77,273367.34,2022-11-15
345,2021,07월,3017058800,월평3동,f,여성,1277189.18,289561.4,2022-11-15
346,2021,04월,3017058800,월평3동,m,남성,1121833.73,255338.16,2022-11-15
347,2021,06월,3017058800,월평3동,m,남성,1147033.12,261209.17,2022-11-15
348,2021,10월,3017058800,월평3동,f,여성,1250894.67,285134.48,2022-11-15
349,2021,04월,3017058800,월평3동,f,여성,1190274.93,270881.6,2022-11-15
350,2021,09월,3017058800,월평3동,m,남성,1200560.58,270765.56,2022-11-15
351,2021,08월,3017058800,월평3동,f,여성,1261446.09,286665.51,2022-11-15
352,2021,03월,3017058800,월평3동,m,남성,1156766.34,261679.15,2022-11-15
353,2021,05월,3017058800,월평3동,f,여성,1254059.77,284427,2022-11-15
354,2021,01월,3017058800,월평3동,f,여성,1195240.09,269323.1,2022-11-15
355,2021,06월,3017058800,월평3동,f,여성,1228349.87,279527.19,2022-11-15
356,2021,05월,3017058800,월평3동,m,남성,1202538.1,271915.31,2022-11-15
357,2021,02월,3017058800,월평3동,f,여성,1085619.68,244796.66,2022-11-15
358,2021,01월,3017058800,월평3동,m,남성,1115696.42,252620.02,2022-11-15
359,2021,12월,3017058800,월평3동,m,남성,1198267.83,271665.26,2022-11-15
360,2021,03월,3017058800,월평3동,f,여성,1218444.92,276346.82,2022-11-15
361,2021,02월,3017059000,가수원동,f,여성,2404489.95,521261.55,2022-11-15
362,2021,01월,3017059000,가수원동,f,여성,2601293.2,563551.46,2022-11-15
363,2021,12월,3017059000,가수원동,m,남성,3137196.07,684131.82,2022-11-15
364,2021,09월,3017059000,가수원동,m,남성,2968461.25,649190.59,2022-11-15
365,2021,06월,3017059000,가수원동,m,남성,2768645.95,609230.05,2022-11-15
366,2021,04월,3017059000,가수원동,f,여성,2842065.01,620071.34,2022-11-15
367,2021,08월,3017059000,가수원동,f,여성,3017443.29,656865.81,2022-11-15
368,2021,07월,3017059000,가수원동,f,여성,2851690.46,622974.21,2022-11-15
369,2021,03월,3017059000,가수원동,m,남성,2901148.74,632289.99,2022-11-15
370,2021,08월,3017059000,가수원동,m,남성,2968755.33,648554.59,2022-11-15
371,2021,10월,3017059000,가수원동,f,여성,3209716.51,699008.87,2022-11-15
372,2021,09월,3017059000,가수원동,f,여성,3070184.53,668092.21,2022-11-15
373,2021,04월,3017059000,가수원동,m,남성,2718810.13,596837.8,2022-11-15
374,2021,11월,3017059000,가수원동,m,남성,3014487.62,659063.04,2022-11-15
375,2021,06월,3017059000,가수원동,f,여성,2896579.64,632823.31,2022-11-15
376,2021,12월,3017059000,가수원동,f,여성,3293763.14,713773.6,2022-11-15
377,2021,05월,3017059000,가수원동,m,남성,2837466.87,622428.73,2022-11-15
378,2021,05월,3017059000,가수원동,f,여성,2928786.07,639115.9,2022-11-15
379,2021,03월,3017059000,가수원동,f,여성,3067199.84,663615.26,2022-11-15
380,2021,01월,3017059000,가수원동,m,남성,2564338.79,557750.85,2022-11-15
381,2021,02월,3017059000,가수원동,m,남성,2367244.05,514779.51,2022-11-15
382,2021,07월,3017059000,가수원동,m,남성,2787352.49,611867.56,2022-11-15
383,2021,11월,3017059000,가수원동,f,여성,3192998.13,694090.94,2022-11-15
384,2021,10월,3017059000,가수원동,m,남성,3088567.97,675466.92,2022-11-15
385,2021,10월,3017059600,관저1동,f,여성,3402322.67,749849.19,2022-11-15
386,2021,03월,3017059600,관저1동,f,여성,3310032.4,725578.49,2022-11-15
387,2021,12월,3017059600,관저1동,m,남성,3022357.62,671922.47,2022-11-15
388,2021,02월,3017059600,관저1동,m,남성,2539002.47,561603.32,2022-11-15
389,2021,08월,3017059600,관저1동,f,여성,3289725.71,727200.14,2022-11-15
390,2021,06월,3017059600,관저1동,f,여성,3291372.63,728454.74,2022-11-15
391,2021,10월,3017059600,관저1동,m,남성,2989545,667722.88,2022-11-15
392,2021,05월,3017059600,관저1동,f,여성,3336601.68,736397.85,2022-11-15
393,2021,07월,3017059600,관저1동,f,여성,3350688.51,740678.14,2022-11-15
394,2021,04월,3017059600,관저1동,f,여성,3249169.83,715688.53,2022-11-15
395,2021,01월,3017059600,관저1동,m,남성,2767824.93,611244.73,2022-11-15
396,2021,08월,3017059600,관저1동,m,남성,2972882.98,664285.8,2022-11-15
397,2021,09월,3017059600,관저1동,m,남성,2900888.65,648225.49,2022-11-15
398,2021,09월,3017059600,관저1동,f,여성,3259196.47,719271.99,2022-11-15
399,2021,01월,3017059600,관저1동,f,여성,3021123.85,659780.35,2022-11-15
400,2021,12월,3017059600,관저1동,f,여성,3456927.39,759086.18,2022-11-15
401,2021,07월,3017059600,관저1동,m,남성,2984888.43,667876.17,2022-11-15
402,2021,02월,3017059600,관저1동,f,여성,2806020.08,612559.7,2022-11-15
403,2021,11월,3017059600,관저1동,m,남성,2882006,643791.64,2022-11-15
404,2021,03월,3017059600,관저1동,m,남성,2922874,651081.13,2022-11-15
405,2021,11월,3017059600,관저1동,f,여성,3338452.55,735543.45,2022-11-15
406,2021,05월,3017059600,관저1동,m,남성,2985830.73,667171.33,2022-11-15
407,2021,06월,3017059600,관저1동,m,남성,2866971.98,643844.74,2022-11-15
408,2021,04월,3017059600,관저1동,m,남성,2853905.08,639222.99,2022-11-15
409,2021,01월,3017059700,관저2동,m,남성,4628316.5,1043389.53,2022-11-15
410,2021,10월,3017059700,관저2동,m,남성,5073716.36,1152635.58,2022-11-15
411,2021,05월,3017059700,관저2동,m,남성,5107422.73,1159215.54,2022-11-15
412,2021,07월,3017059700,관저2동,m,남성,5011223.74,1136527.27,2022-11-15
413,2021,04월,3017059700,관저2동,f,여성,5381587.62,1202575.02,2022-11-15
414,2021,07월,3017059700,관저2동,f,여성,5557955.02,1241320.91,2022-11-15
415,2021,06월,3017059700,관저2동,m,남성,4875280.95,1112924.39,2022-11-15
416,2021,12월,3017059700,관저2동,f,여성,5935054.42,1318178.56,2022-11-15
417,2021,09월,3017059700,관저2동,f,여성,5557260.27,1242030.92,2022-11-15
418,2021,11월,3017059700,관저2동,f,여성,5745279.64,1281558.24,2022-11-15
419,2021,02월,3017059700,관저2동,m,남성,4275561.14,965684.43,2022-11-15
420,2021,10월,3017059700,관저2동,f,여성,5689413.27,1271858.6,2022-11-15
421,2021,08월,3017059700,관저2동,m,남성,4979981.2,1127248.13,2022-11-15
422,2021,03월,3017059700,관저2동,m,남성,4924445.25,1117204.59,2022-11-15
423,2021,12월,3017059700,관저2동,m,남성,5225088.51,1179942.47,2022-11-15
424,2021,02월,3017059700,관저2동,f,여성,4651695.01,1030229.62,2022-11-15
425,2021,03월,3017059700,관저2동,f,여성,5451466.8,1212801.53,2022-11-15
426,2021,05월,3017059700,관저2동,f,여성,5599664.18,1251786.45,2022-11-15
427,2021,06월,3017059700,관저2동,f,여성,5524177.21,1237315.5,2022-11-15
428,2021,04월,3017059700,관저2동,m,남성,4809224.89,1096408.89,2022-11-15
429,2021,09월,3017059700,관저2동,m,남성,4996311.72,1133267.38,2022-11-15
430,2021,11월,3017059700,관저2동,m,남성,5018836.83,1138578.86,2022-11-15
431,2021,08월,3017059700,관저2동,f,여성,5501036.36,1227479.13,2022-11-15
432,2021,01월,3017059700,관저2동,f,여성,4985069.11,1102470.99,2022-11-15
433,2021,04월,3017060000,기성동,m,남성,180145.36,31789.99,2022-11-15
434,2021,10월,3017060000,기성동,m,남성,294408.31,53715.26,2022-11-15
435,2021,03월,3017060000,기성동,f,여성,105762.72,18536.61,2022-11-15
436,2021,11월,3017060000,기성동,m,남성,300765.01,53922.43,2022-11-15
437,2021,02월,3017060000,기성동,m,남성,126254.83,22142.99,2022-11-15
438,2021,07월,3017060000,기성동,f,여성,134241.29,23478.83,2022-11-15
439,2021,09월,3017060000,기성동,f,여성,144614.92,24278.3,2022-11-15
440,2021,11월,3017060000,기성동,f,여성,210325.92,34162.54,2022-11-15
441,2021,04월,3017060000,기성동,f,여성,131903.76,22566.24,2022-11-15
442,2021,08월,3017060000,기성동,m,남성,254199.88,48334.8,2022-11-15
443,2021,12월,3017060000,기성동,f,여성,105080.27,18584.22,2022-11-15
444,2021,10월,3017060000,기성동,f,여성,201265.31,33503.34,2022-11-15
445,2021,01월,3017060000,기성동,m,남성,117993.03,20981.54,2022-11-15
446,2021,05월,3017060000,기성동,m,남성,193592.23,33842.42,2022-11-15
447,2021,06월,3017060000,기성동,m,남성,198139.03,35558.98,2022-11-15
448,2021,07월,3017060000,기성동,m,남성,169980.72,31108.22,2022-11-15
449,2021,03월,3017060000,기성동,m,남성,148945.07,26730.9,2022-11-15
450,2021,08월,3017060000,기성동,f,여성,172809.43,30515.27,2022-11-15
451,2021,12월,3017060000,기성동,m,남성,152479.37,27877.31,2022-11-15
452,2021,09월,3017060000,기성동,m,남성,195855.83,34930,2022-11-15
453,2021,05월,3017060000,기성동,f,여성,147113.75,24580.54,2022-11-15
454,2021,02월,3017060000,기성동,f,여성,89280.81,15221.58,2022-11-15
455,2021,01월,3017060000,기성동,f,여성,80108.71,14019.33,2022-11-15
456,2021,06월,3017060000,기성동,f,여성,155711.58,26488.85,2022-11-15
457,2021,02월,3017063000,둔산1동,f,여성,2249531.49,465326.63,2022-11-15
458,2021,11월,3017063000,둔산1동,m,남성,2748283.91,585032.77,2022-11-15
459,2021,01월,3017063000,둔산1동,m,남성,2464598.4,516800.39,2022-11-15
460,2021,10월,3017063000,둔산1동,f,여성,2668032.03,558129.58,2022-11-15
461,2021,12월,3017063000,둔산1동,m,남성,2749161.56,579417.49,2022-11-15
462,2021,12월,3017063000,둔산1동,f,여성,2707465.72,560929.37,2022-11-15
463,2021,08월,3017063000,둔산1동,f,여성,2602571.31,536934.46,2022-11-15
464,2021,09월,3017063000,둔산1동,m,남성,2563541.15,547018.3,2022-11-15
465,2021,07월,3017063000,둔산1동,f,여성,2714100.71,562132.89,2022-11-15
466,2021,04월,3017063000,둔산1동,f,여성,2532503.76,529484.64,2022-11-15
467,2021,03월,3017063000,둔산1동,m,남성,2688117.64,573050.65,2022-11-15
468,2021,02월,3017063000,둔산1동,m,남성,2302836.9,486382.4,2022-11-15
469,2021,04월,3017063000,둔산1동,m,남성,2560668.79,544161.1,2022-11-15
470,2021,05월,3017063000,둔산1동,f,여성,2569857.76,539839.42,2022-11-15
471,2021,08월,3017063000,둔산1동,m,남성,2624012.69,553112.65,2022-11-15
472,2021,11월,3017063000,둔산1동,f,여성,2720421.39,568088.55,2022-11-15
473,2021,09월,3017063000,둔산1동,f,여성,2538278.16,530753.52,2022-11-15
474,2021,03월,3017063000,둔산1동,f,여성,2628117.21,550303.78,2022-11-15
475,2021,05월,3017063000,둔산1동,m,남성,2650573.03,566050.11,2022-11-15
476,2021,06월,3017063000,둔산1동,f,여성,2655970.52,555739.48,2022-11-15
477,2021,10월,3017063000,둔산1동,m,남성,2691588.97,573454.24,2022-11-15
478,2021,07월,3017063000,둔산1동,m,남성,2736598.45,578363.9,2022-11-15
479,2021,01월,3017063000,둔산1동,f,여성,2422484.49,498107.46,2022-11-15
480,2021,06월,3017063000,둔산1동,m,남성,2707140.22,578029.98,2022-11-15
481,2021,08월,3017064000,둔산2동,m,남성,7137868.35,1493411.22,2022-11-15
482,2021,03월,3017064000,둔산2동,m,남성,7394216.14,1551867.33,2022-11-15
483,2021,01월,3017064000,둔산2동,m,남성,6716681.54,1408982.93,2022-11-15
484,2021,12월,3017064000,둔산2동,f,여성,8270544.53,1692671.31,2022-11-15
485,2021,05월,3017064000,둔산2동,m,남성,7139345.18,1502672.2,2022-11-15
486,2021,11월,3017064000,둔산2동,m,남성,7692567.51,1609025.01,2022-11-15
487,2021,02월,3017064000,둔산2동,f,여성,6382021.86,1321195.21,2022-11-15
488,2021,10월,3017064000,둔산2동,m,남성,7508677.71,1584050.3,2022-11-15
489,2021,03월,3017064000,둔산2동,f,여성,7460571.02,1543298.52,2022-11-15
490,2021,04월,3017064000,둔산2동,m,남성,6868561.82,1443866.07,2022-11-15
491,2021,06월,3017064000,둔산2동,m,남성,7182089,1511886.49,2022-11-15
492,2021,07월,3017064000,둔산2동,f,여성,7412341.7,1533317.29,2022-11-15
493,2021,07월,3017064000,둔산2동,m,남성,7235502.65,1523700.27,2022-11-15
494,2021,11월,3017064000,둔산2동,f,여성,8156353.81,1675130.1,2022-11-15
495,2021,05월,3017064000,둔산2동,f,여성,7288558.15,1514069.37,2022-11-15
496,2021,09월,3017064000,둔산2동,f,여성,7597392.21,1566368.68,2022-11-15
497,2021,09월,3017064000,둔산2동,m,남성,7138767.28,1502750.05,2022-11-15
498,2021,08월,3017064000,둔산2동,f,여성,7242030.87,1489252.46,2022-11-15
499,2021,10월,3017064000,둔산2동,f,여성,7992741.72,1650665.6,2022-11-15
500,2021,02월,3017064000,둔산2동,m,남성,6359181.57,1339644.7,2022-11-15
501,2021,06월,3017064000,둔산2동,f,여성,7343056.23,1520537.76,2022-11-15
502,2021,04월,3017064000,둔산2동,f,여성,7034556.43,1453814.03,2022-11-15
503,2021,01월,3017064000,둔산2동,f,여성,6678996.72,1376867.55,2022-11-15
504,2021,12월,3017064000,둔산2동,m,남성,7790289.26,1627205.16,2022-11-15
505,2021,06월,3017065000,만년동,f,여성,1648457.36,357392.77,2022-11-15
506,2021,05월,3017065000,만년동,m,남성,1920132.07,416213.82,2022-11-15
507,2021,05월,3017065000,만년동,f,여성,1735034.87,372661.7,2022-11-15
508,2021,02월,3017065000,만년동,m,남성,1510997.33,328571.63,2022-11-15
509,2021,01월,3017065000,만년동,m,남성,1648740.34,358734.22,2022-11-15
510,2021,08월,3017065000,만년동,f,여성,1587069.64,345617.56,2022-11-15
511,2021,04월,3017065000,만년동,f,여성,1653399.59,354842.14,2022-11-15
512,2021,01월,3017065000,만년동,f,여성,1417056.94,306885.79,2022-11-15
513,2021,11월,3017065000,만년동,m,남성,1827317.38,398855.78,2022-11-15
514,2021,09월,3017065000,만년동,m,남성,1756424.41,383204.93,2022-11-15
515,2021,03월,3017065000,만년동,m,남성,1811018.91,393686.35,2022-11-15
516,2021,09월,3017065000,만년동,f,여성,1647750.31,357106.57,2022-11-15
517,2021,12월,3017065000,만년동,m,남성,1862330.89,405267.3,2022-11-15
518,2021,07월,3017065000,만년동,f,여성,1643722.91,358007.37,2022-11-15
519,2021,07월,3017065000,만년동,m,남성,1876292.32,409752.63,2022-11-15
520,2021,08월,3017065000,만년동,m,남성,1747297.75,382385.72,2022-11-15
521,2021,10월,3017065000,만년동,m,남성,1857505.86,402437.89,2022-11-15
522,2021,10월,3017065000,만년동,f,여성,1741607.22,375231.97,2022-11-15
523,2021,06월,3017065000,만년동,m,남성,1844397.23,402747.21,2022-11-15
524,2021,02월,3017065000,만년동,f,여성,1333103.3,286874.83,2022-11-15
525,2021,03월,3017065000,만년동,f,여성,1642033.84,353597.17,2022-11-15
526,2021,11월,3017065000,만년동,f,여성,1720731.43,371891.93,2022-11-15
527,2021,04월,3017065000,만년동,m,남성,1829828.51,396824.08,2022-11-15
528,2021,12월,3017065000,만년동,f,여성,1722136.64,372973.98,2022-11-15
529,2021,08월,3017066000,둔산3동,f,여성,1643403.54,370940.28,2022-11-15
530,2021,06월,3017066000,둔산3동,f,여성,1581538.66,358714.09,2022-11-15
531,2021,02월,3017066000,둔산3동,m,남성,1252900.15,286661.88,2022-11-15
532,2021,03월,3017066000,둔산3동,m,남성,1353429.26,312687.8,2022-11-15
533,2021,10월,3017066000,둔산3동,f,여성,1656714.08,375043.91,2022-11-15
534,2021,11월,3017066000,둔산3동,m,남성,1360055.37,313851.22,2022-11-15
535,2021,08월,3017066000,둔산3동,m,남성,1427385.46,328838.96,2022-11-15
536,2021,04월,3017066000,둔산3동,m,남성,1332382.22,308630.21,2022-11-15
537,2021,05월,3017066000,둔산3동,m,남성,1421536.31,326772.41,2022-11-15
538,2021,09월,3017066000,둔산3동,m,남성,1432122.34,328597.91,2022-11-15
539,2021,10월,3017066000,둔산3동,m,남성,1418295.01,325999.03,2022-11-15
540,2021,01월,3017066000,둔산3동,f,여성,1500441.78,336354.15,2022-11-15
541,2021,06월,3017066000,둔산3동,m,남성,1349254.53,311930.08,2022-11-15
542,2021,12월,3017066000,둔산3동,f,여성,1677461.21,378605.06,2022-11-15
543,2021,11월,3017066000,둔산3동,f,여성,1618307.72,366342.87,2022-11-15
544,2021,04월,3017066000,둔산3동,f,여성,1534290.68,347927.44,2022-11-15
545,2021,09월,3017066000,둔산3동,f,여성,1658985.13,374157.26,2022-11-15
546,2021,12월,3017066000,둔산3동,m,남성,1447058,332071.7,2022-11-15
547,2021,03월,3017066000,둔산3동,f,여성,1543999.56,349308.04,2022-11-15
548,2021,01월,3017066000,둔산3동,m,남성,1377617.2,314950.61,2022-11-15
549,2021,02월,3017066000,둔산3동,f,여성,1371795.85,307749.94,2022-11-15
550,2021,07월,3017066000,둔산3동,m,남성,1437410.25,330654.38,2022-11-15
551,2021,07월,3017066000,둔산3동,f,여성,1662151.96,374966.53,2022-11-15
552,2021,05월,3017066000,둔산3동,f,여성,1611363.57,364247.55,2022-11-15
